,ID,Category,Date,Name,Score,Active
0,0,Hockey,2022-10-07,Nashville Predators - San Jose Sharks,4 - 1,False
1,1,Hockey,2022-10-08,San Jose Sharks - Nashville Predators,2 - 3,False
2,2,Hockey,2022-10-11,Los Angeles Kings - Vegas Golden Knights,3 - 4,False
3,3,Hockey,2022-10-11,New York Rangers - Tampa Bay Lightning,3 - 1,False
4,4,Hockey,2022-10-12,Anaheim Ducks - Seattle Kraken,5 - 4,False
5,5,Hockey,2022-10-12,Carolina Hurricanes - Columbus Blue Jackets,4 - 1,False
6,6,Hockey,2022-10-12,Colorado Avalanche - Chicago Blackhawks,5 - 2,False
7,7,Hockey,2022-10-12,Edmonton Oilers - Vancouver Canucks,5 - 3,False
8,8,Hockey,2022-10-12,Montreal Canadiens - Toronto Maple Leafs,4 - 3,False
9,9,Hockey,2022-10-12,Washington Capitals - Boston Bruins,2 - 5,False
10,10,Hockey,2022-10-13,Buffalo Sabres - Ottawa Senators,4 - 1,False
11,11,Hockey,2022-10-13,Calgary Flames - Colorado Avalanche,5 - 3,False
12,12,Hockey,2022-10-13,Los Angeles Kings - Seattle Kraken,1 - 4,False
13,13,Hockey,2022-10-13,Minnesota Wild - New York Rangers,3 - 7,False
14,14,Hockey,2022-10-13,Nashville Predators - Dallas Stars,1 - 4,False
15,15,Hockey,2022-10-13,New York Islanders - Florida Panthers,1 - 3,False
16,16,Hockey,2022-10-13,Philadelphia Flyers - New Jersey Devils,5 - 2,False
17,17,Hockey,2022-10-13,Pittsburgh Penguins - Arizona Coyotes,6 - 2,False
18,18,Hockey,2022-10-13,Toronto Maple Leafs - Washington Capitals,3 - 2,False
19,19,Hockey,2022-10-13,Vegas Golden Knights - Chicago Blackhawks,1 - 0,False
20,20,Hockey,2022-10-14,Columbus Blue Jackets - Tampa Bay Lightning,2 - 5,False
21,21,Hockey,2022-10-14,Detroit Red Wings - Montreal Canadiens,3 - 0,False
22,22,Hockey,2022-10-14,San Jose Sharks - Carolina Hurricanes,1 - 2,False
23,23,Hockey,2022-10-14,Winnipeg Jets - New York Rangers,4 - 1,False
24,24,Hockey,2022-10-15,Boston Bruins - Arizona Coyotes,6 - 3,False
25,25,Hockey,2022-10-15,Buffalo Sabres - Florida Panthers,3 - 4,False
26,26,Hockey,2022-10-15,Dallas Stars - Nashville Predators,5 - 1,False
27,27,Hockey,2022-10-15,Edmonton Oilers - Calgary Flames,3 - 4,False
28,28,Hockey,2022-10-15,Minnesota Wild - Los Angeles Kings,6 - 7,False
29,29,Hockey,2022-10-15,New Jersey Devils - Detroit Red Wings,2 - 5,False
30,30,Hockey,2022-10-15,New York Islanders - Anaheim Ducks,7 - 1,False
31,31,Hockey,2022-10-15,Philadelphia Flyers - Vancouver Canucks,3 - 2,False
32,32,Hockey,2022-10-15,Pittsburgh Penguins - Tampa Bay Lightning,6 - 2,False
33,33,Hockey,2022-10-15,Seattle Kraken - Vegas Golden Knights,2 - 5,False
34,34,Hockey,2022-10-15,San Jose Sharks - Chicago Blackhawks,2 - 5,False
35,35,Hockey,2022-10-15,St. Louis Blues - Columbus Blue Jackets,5 - 2,False
36,36,Hockey,2022-10-15,Toronto Maple Leafs - Ottawa Senators,3 - 2,False
37,37,Hockey,2022-10-15,Washington Capitals - Montreal Canadiens,3 - 1,False
38,38,Hockey,2022-10-17,Boston Bruins - Florida Panthers,5 - 3,False
39,39,Hockey,2022-10-17,Dallas Stars - Winnipeg Jets,4 - 1,False
40,40,Hockey,2022-10-17,Detroit Red Wings - Los Angeles Kings,4 - 5,False
41,41,Hockey,2022-10-17,Minnesota Wild - Colorado Avalanche,3 - 6,False
42,42,Hockey,2022-10-17,Montreal Canadiens - Pittsburgh Penguins,3 - 2,False
43,43,Hockey,2022-10-17,New York Rangers - Anaheim Ducks,6 - 4,False
44,44,Hockey,2022-10-17,Seattle Kraken - Carolina Hurricanes,1 - 5,False
45,45,Hockey,2022-10-17,Toronto Maple Leafs - Arizona Coyotes,2 - 4,False
46,46,Hockey,2022-10-17,Washington Capitals - Vancouver Canucks,6 - 4,False
47,47,Hockey,2022-10-18,Columbus Blue Jackets - Vancouver Canucks,4 - 3,False
48,48,Hockey,2022-10-18,Calgary Flames - Vegas Golden Knights,3 - 2,False
49,49,Hockey,2022-10-18,Edmonton Oilers - Buffalo Sabres,2 - 4,False
50,50,Hockey,2022-10-18,New Jersey Devils - Anaheim Ducks,4 - 2,False
51,51,Hockey,2022-10-18,Nashville Predators - Los Angeles Kings,3 - 4,False
52,52,Hockey,2022-10-18,New York Islanders - San Jose Sharks,5 - 2,False
53,53,Hockey,2022-10-18,Ottawa Senators - Boston Bruins,7 - 5,False
54,54,Hockey,2022-10-18,Tampa Bay Lightning - Philadelphia Flyers,2 - 3,False
55,55,Hockey,2022-10-19,Colorado Avalanche - Winnipeg Jets,3 - 4,False
56,56,Hockey,2022-10-19,Florida Panthers - Philadelphia Flyers,4 - 3,False
57,57,Hockey,2022-10-19,Seattle Kraken - St. Louis Blues,3 - 4,False
58,58,Hockey,2022-10-20,Boston Bruins - Anaheim Ducks,2 - 1,False
59,59,Hockey,2022-10-20,Columbus Blue Jackets - Nashville Predators,5 - 3,False
60,60,Hockey,2022-10-20,Calgary Flames - Buffalo Sabres,3 - 6,False
61,61,Hockey,2022-10-20,Edmonton Oilers - Carolina Hurricanes,6 - 4,False
62,62,Hockey,2022-10-20,Minnesota Wild - Vancouver Canucks,4 - 3,False
63,63,Hockey,2022-10-20,Montreal Canadiens - Arizona Coyotes,6 - 2,False
64,64,Hockey,2022-10-20,New York Islanders - New Jersey Devils,1 - 4,False
65,65,Hockey,2022-10-20,New York Rangers - San Jose Sharks,2 - 3,False
66,66,Hockey,2022-10-20,Ottawa Senators - Washington Capitals,5 - 2,False
67,67,Hockey,2022-10-20,Pittsburgh Penguins - Los Angeles Kings,6 - 1,False
68,68,Hockey,2022-10-20,Toronto Maple Leafs - Dallas Stars,3 - 2,False
69,69,Hockey,2022-10-20,Vegas Golden Knights - Winnipeg Jets,5 - 2,False
70,70,Hockey,2022-10-21,Chicago Blackhawks - Detroit Red Wings,4 - 3,False
71,71,Hockey,2022-10-21,Colorado Avalanche - Seattle Kraken,2 - 3,False
72,72,Hockey,2022-10-21,Florida Panthers - Tampa Bay Lightning,2 - 3,False
73,73,Hockey,2022-10-22,Boston Bruins - Minnesota Wild,4 - 3,False
74,74,Hockey,2022-10-22,Columbus Blue Jackets - Pittsburgh Penguins,3 - 6,False
75,75,Hockey,2022-10-22,Calgary Flames - Carolina Hurricanes,3 - 2,False
76,76,Hockey,2022-10-22,Edmonton Oilers - St. Louis Blues,0 - 2,False
77,77,Hockey,2022-10-22,Montreal Canadiens - Dallas Stars,2 - 5,False
78,78,Hockey,2022-10-22,New Jersey Devils - San Jose Sharks,2 - 1,False
79,79,Hockey,2022-10-22,Nashville Predators - Philadelphia Flyers,1 - 3,False
80,80,Hockey,2022-10-22,Ottawa Senators - Arizona Coyotes,6 - 2,False
81,81,Hockey,2022-10-22,Tampa Bay Lightning - New York Islanders,5 - 3,False
82,82,Hockey,2022-10-22,Vancouver Canucks - Buffalo Sabres,1 - 5,False
83,83,Hockey,2022-10-22,Vegas Golden Knights - Colorado Avalanche,2 - 3,False
84,84,Hockey,2022-10-22,Winnipeg Jets - Toronto Maple Leafs,1 - 4,False
85,85,Hockey,2022-10-22,Washington Capitals - Los Angeles Kings,4 - 3,False
86,86,Hockey,2022-10-23,Chicago Blackhawks - Seattle Kraken,5 - 4,False
87,87,Hockey,2022-10-23,Detroit Red Wings - Anaheim Ducks,5 - 1,False
88,88,Hockey,2022-10-23,Florida Panthers - New York Islanders,3 - 2,False
89,89,Hockey,2022-10-23,New York Rangers - Columbus Blue Jackets,1 - 5,False
90,90,Hockey,2022-10-23,Philadelphia Flyers - San Jose Sharks,0 - 3,False
91,91,Hockey,2022-10-24,Edmonton Oilers - Pittsburgh Penguins,6 - 3,False
92,92,Hockey,2022-10-24,New Jersey Devils - Washington Capitals,3 - 6,False
93,93,Hockey,2022-10-24,Ottawa Senators - Dallas Stars,4 - 2,False
94,94,Hockey,2022-10-24,Vancouver Canucks - Carolina Hurricanes,2 - 3,False
95,95,Hockey,2022-10-24,Vegas Golden Knights - Toronto Maple Leafs,3 - 1,False
96,96,Hockey,2022-10-24,Winnipeg Jets - St. Louis Blues,4 - 0,False
97,97,Hockey,2022-10-25,Boston Bruins - Dallas Stars,3 - 1,False
98,98,Hockey,2022-10-25,Columbus Blue Jackets - Arizona Coyotes,3 - 6,False
99,99,Hockey,2022-10-25,Calgary Flames - Pittsburgh Penguins,4 - 1,False
100,100,Hockey,2022-10-25,Chicago Blackhawks - Florida Panthers,4 - 2,False
101,101,Hockey,2022-10-25,Detroit Red Wings - New Jersey Devils,2 - 6,False
102,102,Hockey,2022-10-25,Los Angeles Kings - Tampa Bay Lightning,4 - 2,False
103,103,Hockey,2022-10-25,Montreal Canadiens - Minnesota Wild,1 - 3,False
104,104,Hockey,2022-10-25,New York Rangers - Colorado Avalanche,2 - 3,False
105,105,Hockey,2022-10-25,Seattle Kraken - Buffalo Sabres,5 - 1,False
106,106,Hockey,2022-10-25,San Jose Sharks - Vegas Golden Knights,2 - 4,False
107,107,Hockey,2022-10-26,Anaheim Ducks - Tampa Bay Lightning,2 - 4,False
108,108,Hockey,2022-10-26,New York Islanders - New York Rangers,3 - 0,False
109,109,Hockey,2022-10-26,St. Louis Blues - Edmonton Oilers,1 - 3,False
110,110,Hockey,2022-10-27,Boston Bruins - Detroit Red Wings,5 - 1,False
111,111,Hockey,2022-10-27,Buffalo Sabres - Montreal Canadiens,2 - 3,False
112,112,Hockey,2022-10-27,Chicago Blackhawks - Edmonton Oilers,5 - 6,False
113,113,Hockey,2022-10-27,Dallas Stars - Washington Capitals,2 - 0,False
114,114,Hockey,2022-10-27,Los Angeles Kings - Winnipeg Jets,4 - 6,False
115,115,Hockey,2022-10-27,Nashville Predators - St. Louis Blues,6 - 2,False
116,116,Hockey,2022-10-27,Ottawa Senators - Minnesota Wild,2 - 4,False
117,117,Hockey,2022-10-27,Philadelphia Flyers - Florida Panthers,4 - 3,False
118,118,Hockey,2022-10-27,Seattle Kraken - Vancouver Canucks,4 - 5,False
119,119,Hockey,2022-10-27,San Jose Sharks - Toronto Maple Leafs,4 - 3,False
120,120,Hockey,2022-10-28,Arizona Coyotes - Winnipeg Jets,2 - 3,False
121,121,Hockey,2022-10-28,Carolina Hurricanes - New York Islanders,2 - 6,False
122,122,Hockey,2022-10-28,Columbus Blue Jackets - Boston Bruins,0 - 4,False
123,123,Hockey,2022-10-28,New Jersey Devils - Colorado Avalanche,1 - 0,False
124,124,Hockey,2022-10-28,Vancouver Canucks - Pittsburgh Penguins,5 - 1,False
125,125,Hockey,2022-10-28,Vegas Golden Knights - Anaheim Ducks,4 - 0,False
126,126,Hockey,2022-10-29,Buffalo Sabres - Chicago Blackhawks,4 - 3,False
127,127,Hockey,2022-10-29,Calgary Flames - Edmonton Oilers,2 - 3,False
128,128,Hockey,2022-10-29,Dallas Stars - New York Rangers,3 - 6,False
129,129,Hockey,2022-10-29,Detroit Red Wings - Minnesota Wild,2 - 1,False
130,130,Hockey,2022-10-29,Florida Panthers - Ottawa Senators,5 - 3,False
131,131,Hockey,2022-10-29,Los Angeles Kings - Toronto Maple Leafs,4 - 2,False
132,132,Hockey,2022-10-29,Nashville Predators - Washington Capitals,0 - 3,False
133,133,Hockey,2022-10-29,New York Islanders - Colorado Avalanche,5 - 4,False
134,134,Hockey,2022-10-29,Philadelphia Flyers - Carolina Hurricanes,3 - 4,False
135,135,Hockey,2022-10-29,Seattle Kraken - Pittsburgh Penguins,3 - 1,False
136,136,Hockey,2022-10-29,San Jose Sharks - Tampa Bay Lightning,3 - 4,False
137,137,Hockey,2022-10-29,St. Louis Blues - Montreal Canadiens,4 - 7,False
138,138,Hockey,2022-10-30,Anaheim Ducks - Toronto Maple Leafs,4 - 3,False
139,139,Hockey,2022-10-30,Arizona Coyotes - New York Rangers,2 - 3,False
140,140,Hockey,2022-10-30,Chicago Blackhawks - Minnesota Wild,3 - 4,False
141,141,Hockey,2022-10-30,New Jersey Devils - Columbus Blue Jackets,7 - 1,False
142,142,Hockey,2022-10-30,Vegas Golden Knights - Winnipeg Jets,2 - 1,False
143,143,Hockey,2022-10-31,Buffalo Sabres - Detroit Red Wings,8 - 3,False
144,144,Hockey,2022-10-31,Carolina Hurricanes - Washington Capitals,3 - 2,False
145,145,Hockey,2022-10-31,St. Louis Blues - Los Angeles Kings,1 - 5,False
146,146,Hockey,2022-11-01,Arizona Coyotes - Florida Panthers,3 - 1,False
147,147,Hockey,2022-11-01,Calgary Flames - Seattle Kraken,4 - 5,False
148,148,Hockey,2022-11-01,Chicago Blackhawks - New York Islanders,1 - 3,False
149,149,Hockey,2022-11-01,Dallas Stars - Los Angeles Kings,5 - 2,False
150,150,Hockey,2022-11-01,Edmonton Oilers - Nashville Predators,7 - 4,False
151,151,Hockey,2022-11-01,Minnesota Wild - Montreal Canadiens,4 - 1,False
152,152,Hockey,2022-11-01,New York Rangers - Philadelphia Flyers,1 - 0,False
153,153,Hockey,2022-11-01,Pittsburgh Penguins - Boston Bruins,5 - 6,False
154,154,Hockey,2022-11-01,San Jose Sharks - Anaheim Ducks,5 - 6,False
155,155,Hockey,2022-11-01,Tampa Bay Lightning - Ottawa Senators,4 - 3,False
156,156,Hockey,2022-11-01,Vancouver Canucks - New Jersey Devils,2 - 5,False
157,157,Hockey,2022-11-01,Washington Capitals - Vegas Golden Knights,2 - 3,False
158,158,Hockey,2022-11-02,Buffalo Sabres - Pittsburgh Penguins,6 - 3,False
159,159,Hockey,2022-11-02,Toronto Maple Leafs - Philadelphia Flyers,5 - 2,False
160,160,Hockey,2022-11-03,Arizona Coyotes - Dallas Stars,2 - 7,False
161,161,Hockey,2022-11-03,Calgary Flames - Nashville Predators,1 - 4,False
162,162,Hockey,2022-11-03,Chicago Blackhawks - Los Angeles Kings,2 - 1,False
163,163,Hockey,2022-11-03,Detroit Red Wings - Washington Capitals,3 - 1,False
164,164,Hockey,2022-11-03,Edmonton Oilers - New Jersey Devils,3 - 4,False
165,165,Hockey,2022-11-03,Minnesota Wild - Seattle Kraken,0 - 4,False
166,166,Hockey,2022-11-03,New York Rangers - Boston Bruins,2 - 5,False
167,167,Hockey,2022-11-03,Ottawa Senators - Vegas Golden Knights,4 - 5,False
168,168,Hockey,2022-11-03,San Jose Sharks - Florida Panthers,3 - 4,False
169,169,Hockey,2022-11-03,St. Louis Blues - New York Islanders,2 - 5,False
170,170,Hockey,2022-11-03,Tampa Bay Lightning - Carolina Hurricanes,3 - 4,False
171,171,Hockey,2022-11-03,Vancouver Canucks - Anaheim Ducks,8 - 5,False
172,172,Hockey,2022-11-03,Winnipeg Jets - Montreal Canadiens,3 - 2,False
173,173,Hockey,2022-11-04,Carolina Hurricanes - Buffalo Sabres,5 - 3,False
174,174,Hockey,2022-11-04,Colorado Avalanche - Columbus Blue Jackets,6 - 3,False
175,175,Hockey,2022-11-05,Columbus Blue Jackets - Colorado Avalanche,1 - 5,False
176,176,Hockey,2022-11-05,Calgary Flames - New Jersey Devils,3 - 4,False
177,177,Hockey,2022-11-05,Detroit Red Wings - New York Islanders,3 - 0,False
178,178,Hockey,2022-11-05,Edmonton Oilers - Dallas Stars,2 - 6,False
179,179,Hockey,2022-11-05,Los Angeles Kings - Florida Panthers,5 - 4,False
180,180,Hockey,2022-11-05,Montreal Canadiens - Vegas Golden Knights,4 - 6,False
181,181,Hockey,2022-11-05,Ottawa Senators - Philadelphia Flyers,1 - 2,False
182,182,Hockey,2022-11-05,Pittsburgh Penguins - Seattle Kraken,2 - 3,False
183,183,Hockey,2022-11-05,San Jose Sharks - Anaheim Ducks,4 - 5,False
184,184,Hockey,2022-11-05,Tampa Bay Lightning - Buffalo Sabres,5 - 3,False
185,185,Hockey,2022-11-05,Toronto Maple Leafs - Boston Bruins,2 - 1,False
186,186,Hockey,2022-11-05,Vancouver Canucks - Nashville Predators,3 - 4,False
187,187,Hockey,2022-11-05,Winnipeg Jets - Chicago Blackhawks,4 - 0,False
188,188,Hockey,2022-11-05,Washington Capitals - Arizona Coyotes,2 - 3,False
189,189,Hockey,2022-11-06,Anaheim Ducks - Florida Panthers,3 - 5,False
190,190,Hockey,2022-11-06,Carolina Hurricanes - Toronto Maple Leafs,1 - 3,False
191,191,Hockey,2022-11-06,New York Rangers - Detroit Red Wings,2 - 3,False
192,192,Hockey,2022-11-07,Boston Bruins - St. Louis Blues,3 - 1,False
193,193,Hockey,2022-11-07,New York Islanders - Calgary Flames,4 - 3,False
194,194,Hockey,2022-11-07,Washington Capitals - Edmonton Oilers,5 - 4,False
195,195,Hockey,2022-11-08,Buffalo Sabres - Arizona Coyotes,1 - 4,False
196,196,Hockey,2022-11-08,Detroit Red Wings - Montreal Canadiens,2 - 3,False
197,197,Hockey,2022-11-08,Los Angeles Kings - Minnesota Wild,1 - 0,False
198,198,Hockey,2022-11-08,New Jersey Devils - Calgary Flames,3 - 2,False
199,199,Hockey,2022-11-08,New York Rangers - New York Islanders,3 - 4,False
200,200,Hockey,2022-11-08,Ottawa Senators - Vancouver Canucks,4 - 6,False
201,201,Hockey,2022-11-08,Philadelphia Flyers - St. Louis Blues,5 - 1,False
202,202,Hockey,2022-11-08,Seattle Kraken - Nashville Predators,5 - 1,False
203,203,Hockey,2022-11-08,Tampa Bay Lightning - Edmonton Oilers,2 - 3,False
204,204,Hockey,2022-11-08,Toronto Maple Leafs - Vegas Golden Knights,3 - 4,False
205,205,Hockey,2022-11-08,Winnipeg Jets - Dallas Stars,5 - 1,False
206,206,Hockey,2022-11-09,Anaheim Ducks - Minnesota Wild,1 - 4,False
207,207,Hockey,2022-11-09,Florida Panthers - Carolina Hurricanes,3 - 0,False
208,208,Hockey,2022-11-09,Montreal Canadiens - Vancouver Canucks,5 - 2,False
209,209,Hockey,2022-11-09,Washington Capitals - Pittsburgh Penguins,1 - 4,False
210,210,Hockey,2022-11-10,Boston Bruins - Calgary Flames,3 - 1,False
211,211,Hockey,2022-11-10,Buffalo Sabres - Vegas Golden Knights,4 - 7,False
212,212,Hockey,2022-11-10,Carolina Hurricanes - Edmonton Oilers,7 - 2,False
213,213,Hockey,2022-11-10,Columbus Blue Jackets - Philadelphia Flyers,5 - 2,False
214,214,Hockey,2022-11-10,Colorado Avalanche - Nashville Predators,5 - 3,False
215,215,Hockey,2022-11-10,Detroit Red Wings - New York Rangers,2 - 8,False
216,216,Hockey,2022-11-10,Los Angeles Kings - Chicago Blackhawks,2 - 1,False
217,217,Hockey,2022-11-10,New Jersey Devils - Ottawa Senators,4 - 3,False
218,218,Hockey,2022-11-10,New York Islanders - Arizona Coyotes,0 - 2,False
219,219,Hockey,2022-11-10,St. Louis Blues - San Jose Sharks,5 - 3,False
220,220,Hockey,2022-11-11,Dallas Stars - San Jose Sharks,4 - 5,False
221,221,Hockey,2022-11-11,Seattle Kraken - Minnesota Wild,0 - 1,False
222,222,Hockey,2022-11-11,Toronto Maple Leafs - Pittsburgh Penguins,2 - 4,False
223,223,Hockey,2022-11-11,Washington Capitals - Tampa Bay Lightning,5 - 1,False
224,224,Hockey,2022-11-12,Anaheim Ducks - Chicago Blackhawks,2 - 3,False
225,225,Hockey,2022-11-12,Buffalo Sabres - Boston Bruins,1 - 3,False
226,226,Hockey,2022-11-12,Calgary Flames - Winnipeg Jets,3 - 2,False
227,227,Hockey,2022-11-12,Colorado Avalanche - Carolina Hurricanes,4 - 1,False
228,228,Hockey,2022-11-12,Florida Panthers - Edmonton Oilers,2 - 4,False
229,229,Hockey,2022-11-12,Los Angeles Kings - Detroit Red Wings,4 - 3,False
230,230,Hockey,2022-11-12,Montreal Canadiens - Pittsburgh Penguins,5 - 4,False
231,231,Hockey,2022-11-12,New Jersey Devils - Arizona Coyotes,4 - 2,False
232,232,Hockey,2022-11-12,Nashville Predators - New York Rangers,2 - 1,False
233,233,Hockey,2022-11-12,New York Islanders - Columbus Blue Jackets,4 - 3,False
234,234,Hockey,2022-11-12,Philadelphia Flyers - Ottawa Senators,1 - 4,False
235,235,Hockey,2022-11-12,Toronto Maple Leafs - Vancouver Canucks,3 - 2,False
236,236,Hockey,2022-11-12,Vegas Golden Knights - St. Louis Blues,2 - 3,False
237,237,Hockey,2022-11-13,Boston Bruins - Vancouver Canucks,5 - 2,False
238,238,Hockey,2022-11-13,Minnesota Wild - San Jose Sharks,2 - 3,False
239,239,Hockey,2022-11-13,New York Rangers - Arizona Coyotes,4 - 1,False
240,240,Hockey,2022-11-13,Philadelphia Flyers - Dallas Stars,1 - 5,False
241,241,Hockey,2022-11-13,Seattle Kraken - Winnipeg Jets,2 - 3,False
242,242,Hockey,2022-11-13,Tampa Bay Lightning - Washington Capitals,6 - 3,False
243,243,Hockey,2022-11-14,Calgary Flames - Los Angeles Kings,6 - 5,False
244,244,Hockey,2022-11-14,Chicago Blackhawks - Carolina Hurricanes,0 - 3,False
245,245,Hockey,2022-11-14,Colorado Avalanche - St. Louis Blues,2 - 3,False
246,246,Hockey,2022-11-14,Ottawa Senators - New York Islanders,2 - 4,False
247,247,Hockey,2022-11-15,Anaheim Ducks - Detroit Red Wings,3 - 2,False
248,248,Hockey,2022-11-15,Buffalo Sabres - Vancouver Canucks,4 - 5,False
249,249,Hockey,2022-11-15,Columbus Blue Jackets - Philadelphia Flyers,5 - 4,False
250,250,Hockey,2022-11-15,Florida Panthers - Washington Capitals,5 - 2,False
251,251,Hockey,2022-11-15,Montreal Canadiens - New Jersey Devils,1 - 5,False
252,252,Hockey,2022-11-15,Nashville Predators - Minnesota Wild,2 - 1,False
253,253,Hockey,2022-11-15,Pittsburgh Penguins - Toronto Maple Leafs,2 - 5,False
254,254,Hockey,2022-11-15,Tampa Bay Lightning - Dallas Stars,5 - 4,False
255,255,Hockey,2022-11-15,Vegas Golden Knights - San Jose Sharks,2 - 5,False
256,256,Hockey,2022-11-16,Chicago Blackhawks - St. Louis Blues,2 - 5,False
257,257,Hockey,2022-11-16,Edmonton Oilers - Los Angeles Kings,1 - 3,False
258,258,Hockey,2022-11-16,Ottawa Senators - Buffalo Sabres,4 - 1,False
259,259,Hockey,2022-11-17,Boston Bruins - Philadelphia Flyers,4 - 1,False
260,260,Hockey,2022-11-17,Carolina Hurricanes - Colorado Avalanche,2 - 3,False
261,261,Hockey,2022-11-17,Columbus Blue Jackets - Montreal Canadiens,6 - 4,False
262,262,Hockey,2022-11-17,Florida Panthers - Dallas Stars,4 - 6,False
263,263,Hockey,2022-11-17,Minnesota Wild - Pittsburgh Penguins,4 - 6,False
264,264,Hockey,2022-11-17,Nashville Predators - New York Islanders,5 - 4,False
265,265,Hockey,2022-11-17,Seattle Kraken - New York Rangers,3 - 2,False
266,266,Hockey,2022-11-17,San Jose Sharks - Detroit Red Wings,4 - 7,False
267,267,Hockey,2022-11-17,St. Louis Blues - Washington Capitals,5 - 4,False
268,268,Hockey,2022-11-17,Tampa Bay Lightning - Calgary Flames,4 - 1,False
269,269,Hockey,2022-11-17,Toronto Maple Leafs - New Jersey Devils,2 - 3,False
270,270,Hockey,2022-11-17,Vegas Golden Knights - Arizona Coyotes,4 - 1,False
271,271,Hockey,2022-11-17,Winnipeg Jets - Anaheim Ducks,3 - 2,False
272,272,Hockey,2022-11-18,Vancouver Canucks - Los Angeles Kings,4 - 1,False
273,273,Hockey,2022-11-19,Boston Bruins - Chicago Blackhawks,6 - 1,False
274,274,Hockey,2022-11-19,Columbus Blue Jackets - Detroit Red Wings,1 - 6,False
275,275,Hockey,2022-11-19,Dallas Stars - New York Islanders,5 - 2,False
276,276,Hockey,2022-11-19,Edmonton Oilers - Vegas Golden Knights,4 - 3,False
277,277,Hockey,2022-11-19,Florida Panthers - Calgary Flames,4 - 5,False
278,278,Hockey,2022-11-19,Minnesota Wild - Carolina Hurricanes,2 - 1,False
279,279,Hockey,2022-11-19,Montreal Canadiens - Philadelphia Flyers,5 - 4,False
280,280,Hockey,2022-11-19,Nashville Predators - Tampa Bay Lightning,2 - 3,False
281,281,Hockey,2022-11-19,Ottawa Senators - New Jersey Devils,1 - 5,False
282,282,Hockey,2022-11-19,Seattle Kraken - Los Angeles Kings,3 - 2,False
283,283,Hockey,2022-11-19,San Jose Sharks - New York Rangers,1 - 2,False
284,284,Hockey,2022-11-19,St. Louis Blues - Anaheim Ducks,6 - 2,False
285,285,Hockey,2022-11-19,Toronto Maple Leafs - Buffalo Sabres,5 - 2,False
286,286,Hockey,2022-11-19,Winnipeg Jets - Pittsburgh Penguins,0 - 3,False
287,287,Hockey,2022-11-19,Washington Capitals - Colorado Avalanche,0 - 4,False
288,288,Hockey,2022-11-20,Columbus Blue Jackets - Florida Panthers,5 - 3,False
289,289,Hockey,2022-11-20,Chicago Blackhawks - Pittsburgh Penguins,3 - 5,False
290,290,Hockey,2022-11-21,Dallas Stars - Colorado Avalanche,2 - 3,False
291,291,Hockey,2022-11-21,New Jersey Devils - Edmonton Oilers,5 - 2,False
292,292,Hockey,2022-11-21,Nashville Predators - Arizona Coyotes,4 - 3,False
293,293,Hockey,2022-11-21,Philadelphia Flyers - Calgary Flames,2 - 5,False
294,294,Hockey,2022-11-21,San Jose Sharks - Ottawa Senators,5 - 1,False
295,295,Hockey,2022-11-21,St. Louis Blues - Anaheim Ducks,3 - 1,False
296,296,Hockey,2022-11-21,Tampa Bay Lightning - Boston Bruins,3 - 5,False
297,297,Hockey,2022-11-21,Toronto Maple Leafs - New York Islanders,2 - 3,False
298,298,Hockey,2022-11-21,Vancouver Canucks - Vegas Golden Knights,4 - 5,False
299,299,Hockey,2022-11-21,Winnipeg Jets - Carolina Hurricanes,4 - 3,False
300,300,Hockey,2022-11-22,Los Angeles Kings - New York Rangers,3 - 5,False
301,301,Hockey,2022-11-22,Montreal Canadiens - Buffalo Sabres,2 - 7,False
302,302,Hockey,2022-11-23,Anaheim Ducks - New York Rangers,3 - 2,False
303,303,Hockey,2022-11-23,Buffalo Sabres - St. Louis Blues,6 - 2,False
304,304,Hockey,2022-11-23,Carolina Hurricanes - Arizona Coyotes,0 - 4,False
305,305,Hockey,2022-11-23,Columbus Blue Jackets - Montreal Canadiens,1 - 3,False
306,306,Hockey,2022-11-23,Colorado Avalanche - Vancouver Canucks,3 - 4,False
307,307,Hockey,2022-11-23,Dallas Stars - Chicago Blackhawks,6 - 4,False
308,308,Hockey,2022-11-23,Detroit Red Wings - Nashville Predators,3 - 0,False
309,309,Hockey,2022-11-23,Florida Panthers - Boston Bruins,5 - 2,False
310,310,Hockey,2022-11-23,Minnesota Wild - Winnipeg Jets,6 - 1,False
311,311,Hockey,2022-11-23,New Jersey Devils - Toronto Maple Leafs,1 - 2,False
312,312,Hockey,2022-11-23,New York Islanders - Edmonton Oilers,3 - 0,False
313,313,Hockey,2022-11-23,Pittsburgh Penguins - Calgary Flames,2 - 1,False
314,314,Hockey,2022-11-23,Seattle Kraken - San Jose Sharks,8 - 5,False
315,315,Hockey,2022-11-23,Vegas Golden Knights - Ottawa Senators,4 - 1,False
316,316,Hockey,2022-11-23,Washington Capitals - Philadelphia Flyers,3 - 2,False
317,317,Hockey,2022-11-25,Anaheim Ducks - Ottawa Senators,1 - 5,False
318,318,Hockey,2022-11-25,Boston Bruins - Carolina Hurricanes,3 - 2,False
319,319,Hockey,2022-11-25,Buffalo Sabres - New Jersey Devils,1 - 3,False
320,320,Hockey,2022-11-25,Columbus Blue Jackets - New York Islanders,2 - 3,False
321,321,Hockey,2022-11-25,Chicago Blackhawks - Montreal Canadiens,2 - 3,False
322,322,Hockey,2022-11-25,Dallas Stars - Winnipeg Jets,4 - 5,False
323,323,Hockey,2022-11-25,Detroit Red Wings - Arizona Coyotes,4 - 3,False
324,324,Hockey,2022-11-25,Minnesota Wild - Toronto Maple Leafs,3 - 4,False
325,325,Hockey,2022-11-25,Philadelphia Flyers - Pittsburgh Penguins,1 - 4,False
326,326,Hockey,2022-11-25,San Jose Sharks - Los Angeles Kings,2 - 5,False
327,327,Hockey,2022-11-25,Tampa Bay Lightning - St. Louis Blues,5 - 2,False
328,328,Hockey,2022-11-25,Vegas Golden Knights - Seattle Kraken,2 - 4,False
329,329,Hockey,2022-11-25,Washington Capitals - Calgary Flames,3 - 0,False
330,330,Hockey,2022-11-26,Carolina Hurricanes - Calgary Flames,3 - 2,False
331,331,Hockey,2022-11-26,Colorado Avalanche - Dallas Stars,4 - 1,False
332,332,Hockey,2022-11-26,Florida Panthers - St. Louis Blues,4 - 5,False
333,333,Hockey,2022-11-26,New Jersey Devils - Washington Capitals,5 - 1,False
334,334,Hockey,2022-11-26,New York Islanders - Philadelphia Flyers,5 - 2,False
335,335,Hockey,2022-11-26,New York Rangers - Edmonton Oilers,3 - 4,False
336,336,Hockey,2022-11-26,Pittsburgh Penguins - Toronto Maple Leafs,1 - 4,False
337,337,Hockey,2022-11-26,Vegas Golden Knights - Vancouver Canucks,1 - 5,False
338,338,Hockey,2022-11-27,Anaheim Ducks - Seattle Kraken,4 - 5,False
339,339,Hockey,2022-11-27,Chicago Blackhawks - Winnipeg Jets,2 - 7,False
340,340,Hockey,2022-11-27,Los Angeles Kings - Ottawa Senators,2 - 3,False
341,341,Hockey,2022-11-27,Minnesota Wild - Arizona Coyotes,4 - 3,False
342,342,Hockey,2022-11-27,San Jose Sharks - Vancouver Canucks,3 - 4,False
343,343,Hockey,2022-11-28,Buffalo Sabres - Tampa Bay Lightning,5 - 6,False
344,344,Hockey,2022-11-28,Columbus Blue Jackets - Vegas Golden Knights,2 - 3,False
345,345,Hockey,2022-11-28,Detroit Red Wings - Toronto Maple Leafs,2 - 4,False
346,346,Hockey,2022-11-28,Edmonton Oilers - Florida Panthers,4 - 3,False
347,347,Hockey,2022-11-28,New York Rangers - New Jersey Devils,3 - 5,False
348,348,Hockey,2022-11-28,St. Louis Blues - Dallas Stars,1 - 4,False
349,349,Hockey,2022-11-29,Boston Bruins - Tampa Bay Lightning,3 - 1,False
350,350,Hockey,2022-11-29,Calgary Flames - Florida Panthers,6 - 2,False
351,351,Hockey,2022-11-29,Los Angeles Kings - Seattle Kraken,8 - 9,False
352,352,Hockey,2022-11-29,Montreal Canadiens - San Jose Sharks,0 - 4,False
353,353,Hockey,2022-11-29,Nashville Predators - Anaheim Ducks,2 - 1,False
354,354,Hockey,2022-11-29,Philadelphia Flyers - New York Islanders,3 - 1,False
355,355,Hockey,2022-11-29,Pittsburgh Penguins - Carolina Hurricanes,2 - 3,False
356,356,Hockey,2022-11-29,Vancouver Canucks - Washington Capitals,1 - 5,False
357,357,Hockey,2022-11-29,Winnipeg Jets - Colorado Avalanche,5 - 0,False
358,358,Hockey,2022-11-30,Chicago Blackhawks - Edmonton Oilers,4 - 5,False
359,359,Hockey,2022-11-30,Detroit Red Wings - Buffalo Sabres,4 - 5,False
360,360,Hockey,2022-11-30,Ottawa Senators - New York Rangers,1 - 3,False
361,361,Hockey,2022-11-30,Toronto Maple Leafs - San Jose Sharks,3 - 1,False
362,362,Hockey,2022-12-01,Buffalo Sabres - Colorado Avalanche,4 - 6,False
363,363,Hockey,2022-12-01,Calgary Flames - Montreal Canadiens,1 - 2,False
364,364,Hockey,2022-12-01,Dallas Stars - Anaheim Ducks,5 - 0,False
365,365,Hockey,2022-12-01,Los Angeles Kings - Arizona Coyotes,5 - 3,False
366,366,Hockey,2022-12-01,Minnesota Wild - Edmonton Oilers,5 - 3,False
367,367,Hockey,2022-12-01,New Jersey Devils - Nashville Predators,3 - 4,False
368,368,Hockey,2022-12-01,Philadelphia Flyers - Tampa Bay Lightning,1 - 4,False
369,369,Hockey,2022-12-01,Pittsburgh Penguins - Vegas Golden Knights,4 - 3,False
370,370,Hockey,2022-12-01,Seattle Kraken - Washington Capitals,3 - 2,False
371,371,Hockey,2022-12-01,St. Louis Blues - Carolina Hurricanes,4 - 6,False
372,372,Hockey,2022-12-01,Vancouver Canucks - Florida Panthers,1 - 5,False
373,373,Hockey,2022-12-02,New York Islanders - Nashville Predators,1 - 4,False
374,374,Hockey,2022-12-02,New York Rangers - Ottawa Senators,2 - 3,False
375,375,Hockey,2022-12-02,Winnipeg Jets - Columbus Blue Jackets,1 - 4,False
376,376,Hockey,2022-12-03,Boston Bruins - Colorado Avalanche,5 - 1,False
377,377,Hockey,2022-12-03,Calgary Flames - Washington Capitals,5 - 2,False
378,378,Hockey,2022-12-03,Detroit Red Wings - Vegas Golden Knights,1 - 4,False
379,379,Hockey,2022-12-03,Edmonton Oilers - Montreal Canadiens,5 - 3,False
380,380,Hockey,2022-12-03,Los Angeles Kings - Carolina Hurricanes,2 - 4,False
381,381,Hockey,2022-12-03,Minnesota Wild - Anaheim Ducks,5 - 4,False
382,382,Hockey,2022-12-03,New York Rangers - Chicago Blackhawks,2 - 5,False
383,383,Hockey,2022-12-03,Ottawa Senators - San Jose Sharks,5 - 2,False
384,384,Hockey,2022-12-03,Philadelphia Flyers - New Jersey Devils,2 - 3,False
385,385,Hockey,2022-12-03,Pittsburgh Penguins - St. Louis Blues,6 - 2,False
386,386,Hockey,2022-12-03,Seattle Kraken - Florida Panthers,1 - 5,False
387,387,Hockey,2022-12-03,Tampa Bay Lightning - Toronto Maple Leafs,4 - 3,False
388,388,Hockey,2022-12-03,Vancouver Canucks - Arizona Coyotes,3 - 2,False
389,389,Hockey,2022-12-04,Buffalo Sabres - San Jose Sharks,6 - 3,False
390,390,Hockey,2022-12-04,Columbus Blue Jackets - Detroit Red Wings,2 - 4,False
391,391,Hockey,2022-12-04,Dallas Stars - Minnesota Wild,5 - 6,False
392,392,Hockey,2022-12-04,New York Islanders - Chicago Blackhawks,3 - 0,False
393,393,Hockey,2022-12-04,Winnipeg Jets - Anaheim Ducks,5 - 2,False
394,394,Hockey,2022-12-05,Boston Bruins - Vegas Golden Knights,3 - 4,False
395,395,Hockey,2022-12-05,Calgary Flames - Arizona Coyotes,3 - 2,False
396,396,Hockey,2022-12-05,Edmonton Oilers - Washington Capitals,2 - 3,False
397,397,Hockey,2022-12-05,New York Rangers - St. Louis Blues,6 - 4,False
398,398,Hockey,2022-12-05,Philadelphia Flyers - Colorado Avalanche,5 - 3,False
399,399,Hockey,2022-12-05,Vancouver Canucks - Montreal Canadiens,7 - 6,False
400,400,Hockey,2022-12-06,Anaheim Ducks - Carolina Hurricanes,4 - 3,False
401,401,Hockey,2022-12-06,Dallas Stars - Toronto Maple Leafs,0 - 4,False
402,402,Hockey,2022-12-06,New Jersey Devils - Chicago Blackhawks,3 - 0,False
403,403,Hockey,2022-12-06,New York Islanders - St. Louis Blues,4 - 7,False
404,404,Hockey,2022-12-06,Ottawa Senators - Los Angeles Kings,2 - 5,False
405,405,Hockey,2022-12-06,Pittsburgh Penguins - Columbus Blue Jackets,4 - 1,False
406,406,Hockey,2022-12-06,Seattle Kraken - Montreal Canadiens,2 - 4,False
407,407,Hockey,2022-12-06,Tampa Bay Lightning - Detroit Red Wings,2 - 4,False
408,408,Hockey,2022-12-06,Winnipeg Jets - Florida Panthers,5 - 2,False
409,409,Hockey,2022-12-07,Columbus Blue Jackets - Buffalo Sabres,4 - 9,False
410,410,Hockey,2022-12-07,Calgary Flames - Minnesota Wild,5 - 3,False
411,411,Hockey,2022-12-07,Colorado Avalanche - Boston Bruins,0 - 4,False
412,412,Hockey,2022-12-07,Edmonton Oilers - Arizona Coyotes,8 - 2,False
413,413,Hockey,2022-12-07,Philadelphia Flyers - Washington Capitals,1 - 4,False
414,414,Hockey,2022-12-07,San Jose Sharks - Vancouver Canucks,5 - 6,False
415,415,Hockey,2022-12-07,Vegas Golden Knights - New York Rangers,1 - 5,False
416,416,Hockey,2022-12-08,Dallas Stars - Ottawa Senators,4 - 3,False
417,417,Hockey,2022-12-08,Florida Panthers - Detroit Red Wings,5 - 1,False
418,418,Hockey,2022-12-08,St. Louis Blues - Winnipeg Jets,2 - 5,False
419,419,Hockey,2022-12-08,Tampa Bay Lightning - Nashville Predators,5 - 2,False
420,420,Hockey,2022-12-08,Toronto Maple Leafs - Los Angeles Kings,5 - 0,False
421,421,Hockey,2022-12-09,Anaheim Ducks - San Jose Sharks,,False
422,422,Hockey,2022-12-09,Arizona Coyotes - Boston Bruins,,False
423,423,Hockey,2022-12-09,Buffalo Sabres - Pittsburgh Penguins,,False
424,424,Hockey,2022-12-09,Columbus Blue Jackets - Calgary Flames,,False
425,425,Hockey,2022-12-09,Chicago Blackhawks - Winnipeg Jets,,False
426,426,Hockey,2022-12-09,Colorado Avalanche - New York Rangers,,False
427,427,Hockey,2022-12-09,Edmonton Oilers - Minnesota Wild,,False
428,428,Hockey,2022-12-09,New Jersey Devils - New York Islanders,,False
429,429,Hockey,2022-12-09,Vegas Golden Knights - Philadelphia Flyers,,False
430,430,Hockey,2022-12-09,Washington Capitals - Seattle Kraken,,False
431,431,Hockey,2022-12-10,Dallas Stars - Detroit Red Wings,,True
432,432,Hockey,2022-12-10,Montreal Canadiens - Los Angeles Kings,,True
433,433,Hockey,2022-12-10,Nashville Predators - Ottawa Senators,,True
434,434,Hockey,2022-12-10,New York Islanders - Carolina Hurricanes,,True
435,435,Hockey,2022-12-10,Pittsburgh Penguins - Buffalo Sabres,,True
436,436,Hockey,2022-12-10,Tampa Bay Lightning - Florida Panthers,,True
437,437,Hockey,2022-12-10,Toronto Maple Leafs - Calgary Flames,,True
438,438,Hockey,2022-12-10,Vancouver Canucks - Minnesota Wild,,True
439,439,Hockey,2022-12-11,Arizona Coyotes - Philadelphia Flyers,,True
440,440,Hockey,2022-12-11,Columbus Blue Jackets - Los Angeles Kings,,True
441,441,Hockey,2022-12-11,Florida Panthers - Seattle Kraken,,True
442,442,Hockey,2022-12-11,St. Louis Blues - Colorado Avalanche,,True
443,443,Hockey,2022-12-11,Vegas Golden Knights - Boston Bruins,,True
444,444,Hockey,2022-12-11,Winnipeg Jets - Washington Capitals,,True
445,445,Hockey,2022-12-12,Minnesota Wild - Edmonton Oilers,,True
446,446,Hockey,2022-12-12,Montreal Canadiens - Calgary Flames,,True
447,447,Hockey,2022-12-12,New York Rangers - New Jersey Devils,,True
448,448,Hockey,2022-12-12,Ottawa Senators - Anaheim Ducks,,True
449,449,Hockey,2022-12-12,Pittsburgh Penguins - Dallas Stars,,True
450,450,Hockey,2022-12-12,St. Louis Blues - Nashville Predators,,True
451,451,Hockey,2022-12-13,Boston Bruins - New York Islanders,,True
452,452,Hockey,2022-12-13,Buffalo Sabres - Los Angeles Kings,,True
453,453,Hockey,2022-12-13,Chicago Blackhawks - Washington Capitals,,True
454,454,Hockey,2022-12-13,Colorado Avalanche - Philadelphia Flyers,,True
455,455,Hockey,2022-12-13,Detroit Red Wings - Carolina Hurricanes,,True
456,456,Hockey,2022-12-13,Florida Panthers - Columbus Blue Jackets,,True
457,457,Hockey,2022-12-13,New Jersey Devils - Dallas Stars,,True
458,458,Hockey,2022-12-13,Nashville Predators - Edmonton Oilers,,True
459,459,Hockey,2022-12-13,San Jose Sharks - Arizona Coyotes,,True
460,460,Hockey,2022-12-13,Tampa Bay Lightning - Seattle Kraken,,True
461,461,Hockey,2022-12-13,Toronto Maple Leafs - Anaheim Ducks,,True
462,462,Hockey,2022-12-13,Winnipeg Jets - Vegas Golden Knights,,True
463,463,Hockey,2022-12-14,Calgary Flames - Vancouver Canucks,,True
464,464,Hockey,2022-12-14,Minnesota Wild - Detroit Red Wings,,True
465,465,Hockey,2022-12-14,Ottawa Senators - Montreal Canadiens,,True
466,466,Hockey,2022-12-15,Boston Bruins - Los Angeles Kings,,True
467,467,Hockey,2022-12-15,Carolina Hurricanes - Seattle Kraken,,True
468,468,Hockey,2022-12-15,Chicago Blackhawks - Vegas Golden Knights,,True
469,469,Hockey,2022-12-15,Colorado Avalanche - Buffalo Sabres,,True
470,470,Hockey,2022-12-15,Edmonton Oilers - St. Louis Blues,,True
471,471,Hockey,2022-12-15,Florida Panthers - Pittsburgh Penguins,,True
472,472,Hockey,2022-12-15,Montreal Canadiens - Anaheim Ducks,,True
473,473,Hockey,2022-12-15,New Jersey Devils - Philadelphia Flyers,,True
474,474,Hockey,2022-12-15,New York Rangers - Toronto Maple Leafs,,True
475,475,Hockey,2022-12-15,Tampa Bay Lightning - Columbus Blue Jackets,,True
476,476,Hockey,2022-12-15,Winnipeg Jets - Nashville Predators,,True
477,477,Hockey,2022-12-15,Washington Capitals - Dallas Stars,,True
478,478,Hockey,2022-12-16,Arizona Coyotes - New York Islanders,,True
479,479,Hockey,2022-12-16,Calgary Flames - St. Louis Blues,,True
480,480,Hockey,2022-12-16,Minnesota Wild - Chicago Blackhawks,,True
481,481,Hockey,2022-12-17,Arizona Coyotes - Buffalo Sabres,,True
482,482,Hockey,2022-12-17,Boston Bruins - Columbus Blue Jackets,,True
483,483,Hockey,2022-12-17,Carolina Hurricanes - Dallas Stars,,True
484,484,Hockey,2022-12-17,Colorado Avalanche - Nashville Predators,,True
485,485,Hockey,2022-12-17,Detroit Red Wings - Ottawa Senators,,True
486,486,Hockey,2022-12-17,Edmonton Oilers - Anaheim Ducks,,True
487,487,Hockey,2022-12-17,Los Angeles Kings - San Jose Sharks,,True
488,488,Hockey,2022-12-17,Montreal Canadiens - Tampa Bay Lightning,,True
489,489,Hockey,2022-12-17,New Jersey Devils - Florida Panthers,,True
490,490,Hockey,2022-12-17,Philadelphia Flyers - New York Rangers,,True
491,491,Hockey,2022-12-17,Vancouver Canucks - Winnipeg Jets,,True
492,492,Hockey,2022-12-17,Vegas Golden Knights - New York Islanders,,True
493,493,Hockey,2022-12-17,Washington Capitals - Toronto Maple Leafs,,True
494,494,Hockey,2022-12-18,Carolina Hurricanes - Pittsburgh Penguins,,True
495,495,Hockey,2022-12-18,Chicago Blackhawks - New York Rangers,,True
496,496,Hockey,2022-12-18,Minnesota Wild - Ottawa Senators,,True
497,497,Hockey,2022-12-18,Seattle Kraken - Winnipeg Jets,,True
498,498,Hockey,2022-12-18,San Jose Sharks - Calgary Flames,,True
499,499,Hockey,2022-12-19,Arizona Coyotes - Montreal Canadiens,,True
500,500,Hockey,2022-12-19,Boston Bruins - Florida Panthers,,True
501,501,Hockey,2022-12-19,Columbus Blue Jackets - Dallas Stars,,True
502,502,Hockey,2022-12-19,Colorado Avalanche - New York Islanders,,True
503,503,Hockey,2022-12-19,Nashville Predators - Edmonton Oilers,,True
504,504,Hockey,2022-12-19,Vancouver Canucks - St. Louis Blues,,True
505,505,Hockey,2022-12-19,Vegas Golden Knights - Buffalo Sabres,,True
506,506,Hockey,2022-12-19,Washington Capitals - Detroit Red Wings,,True
507,507,Hockey,2022-12-20,Carolina Hurricanes - New Jersey Devils,,True
508,508,Hockey,2022-12-20,Los Angeles Kings - Anaheim Ducks,,True
509,509,Hockey,2022-12-20,Philadelphia Flyers - Columbus Blue Jackets,,True
510,510,Hockey,2022-12-20,Pittsburgh Penguins - New York Rangers,,True
511,511,Hockey,2022-12-20,Seattle Kraken - St. Louis Blues,,True
512,512,Hockey,2022-12-20,San Jose Sharks - Calgary Flames,,True
513,513,Hockey,2022-12-20,Toronto Maple Leafs - Tampa Bay Lightning,,True
514,514,Hockey,2022-12-20,Winnipeg Jets - Ottawa Senators,,True
515,515,Hockey,2022-12-21,Anaheim Ducks - Minnesota Wild,,True
516,516,Hockey,2022-12-21,Chicago Blackhawks - Nashville Predators,,True
517,517,Hockey,2022-12-21,Colorado Avalanche - Montreal Canadiens,,True
518,518,Hockey,2022-12-21,Dallas Stars - Edmonton Oilers,,True
519,519,Hockey,2022-12-21,Detroit Red Wings - Tampa Bay Lightning,,True
520,520,Hockey,2022-12-21,Florida Panthers - New Jersey Devils,,True
521,521,Hockey,2022-12-21,Vegas Golden Knights - Arizona Coyotes,,True
522,522,Hockey,2022-12-22,Boston Bruins - Winnipeg Jets,,True
523,523,Hockey,2022-12-22,Los Angeles Kings - Calgary Flames,,True
524,524,Hockey,2022-12-22,New York Rangers - New York Islanders,,True
525,525,Hockey,2022-12-22,Ottawa Senators - Washington Capitals,,True
526,526,Hockey,2022-12-22,Pittsburgh Penguins - Carolina Hurricanes,,True
527,527,Hockey,2022-12-22,San Jose Sharks - Minnesota Wild,,True
528,528,Hockey,2022-12-22,Toronto Maple Leafs - Philadelphia Flyers,,True
529,529,Hockey,2022-12-22,Vancouver Canucks - Seattle Kraken,,True
530,530,Hockey,2022-12-23,Anaheim Ducks - Calgary Flames,,True
531,531,Hockey,2022-12-23,Arizona Coyotes - Los Angeles Kings,,True
532,532,Hockey,2022-12-23,Buffalo Sabres - Tampa Bay Lightning,,True
533,533,Hockey,2022-12-23,Carolina Hurricanes - Philadelphia Flyers,,True
534,534,Hockey,2022-12-23,Chicago Blackhawks - Columbus Blue Jackets,,True
535,535,Hockey,2022-12-23,Dallas Stars - Montreal Canadiens,,True
536,536,Hockey,2022-12-23,Edmonton Oilers - Vancouver Canucks,,True
537,537,Hockey,2022-12-23,New Jersey Devils - Boston Bruins,,True
538,538,Hockey,2022-12-23,Nashville Predators - Colorado Avalanche,,True
539,539,Hockey,2022-12-23,New York Islanders - Florida Panthers,,True
540,540,Hockey,2022-12-23,Ottawa Senators - Detroit Red Wings,,True
541,541,Hockey,2022-12-23,Vegas Golden Knights - St. Louis Blues,,True
542,542,Hockey,2022-12-23,Washington Capitals - Winnipeg Jets,,True
543,543,Hockey,2022-12-27,Arizona Coyotes - Colorado Avalanche,,True
544,544,Hockey,2022-12-27,Carolina Hurricanes - Chicago Blackhawks,,True
545,545,Hockey,2022-12-27,Columbus Blue Jackets - Buffalo Sabres,,True
546,546,Hockey,2022-12-27,Calgary Flames - Edmonton Oilers,,True
547,547,Hockey,2022-12-27,Los Angeles Kings - Vegas Golden Knights,,True
548,548,Hockey,2022-12-27,Nashville Predators - Dallas Stars,,True
549,549,Hockey,2022-12-27,New York Islanders - Pittsburgh Penguins,,True
550,550,Hockey,2022-12-27,New York Rangers - Washington Capitals,,True
551,551,Hockey,2022-12-27,Ottawa Senators - Boston Bruins,,True
552,552,Hockey,2022-12-27,St. Louis Blues - Toronto Maple Leafs,,True
553,553,Hockey,2022-12-27,Vancouver Canucks - San Jose Sharks,,True
554,554,Hockey,2022-12-27,Winnipeg Jets - Minnesota Wild,,True
555,555,Hockey,2022-12-28,Anaheim Ducks - Vegas Golden Knights,,True
556,556,Hockey,2022-12-28,New Jersey Devils - Boston Bruins,,True
557,557,Hockey,2022-12-28,Pittsburgh Penguins - Detroit Red Wings,,True
558,558,Hockey,2022-12-28,Seattle Kraken - Calgary Flames,,True
559,559,Hockey,2022-12-28,Tampa Bay Lightning - Montreal Canadiens,,True
560,560,Hockey,2022-12-29,Arizona Coyotes - Toronto Maple Leafs,,True
561,561,Hockey,2022-12-29,Buffalo Sabres - Detroit Red Wings,,True
562,562,Hockey,2022-12-29,Colorado Avalanche - Los Angeles Kings,,True
563,563,Hockey,2022-12-29,Florida Panthers - Montreal Canadiens,,True
564,564,Hockey,2022-12-29,Minnesota Wild - Dallas Stars,,True
565,565,Hockey,2022-12-29,New York Islanders - Columbus Blue Jackets,,True
566,566,Hockey,2022-12-29,San Jose Sharks - Philadelphia Flyers,,True
567,567,Hockey,2022-12-29,St. Louis Blues - Chicago Blackhawks,,True
568,568,Hockey,2022-12-29,Tampa Bay Lightning - New York Rangers,,True
569,569,Hockey,2022-12-29,Winnipeg Jets - Vancouver Canucks,,True
570,570,Hockey,2022-12-29,Washington Capitals - Ottawa Senators,,True
571,571,Hockey,2022-12-30,Anaheim Ducks - Nashville Predators,,True
572,572,Hockey,2022-12-30,Carolina Hurricanes - Florida Panthers,,True
573,573,Hockey,2022-12-30,Pittsburgh Penguins - New Jersey Devils,,True
574,574,Hockey,2022-12-30,Seattle Kraken - Edmonton Oilers,,True
575,575,Hockey,2022-12-31,Boston Bruins - Buffalo Sabres,,True
576,576,Hockey,2022-12-31,Columbus Blue Jackets - Chicago Blackhawks,,True
577,577,Hockey,2022-12-31,Calgary Flames - Vancouver Canucks,,True
578,578,Hockey,2022-12-31,Colorado Avalanche - Toronto Maple Leafs,,True
579,579,Hockey,2022-12-31,Dallas Stars - San Jose Sharks,,True
580,580,Hockey,2022-12-31,Detroit Red Wings - Ottawa Senators,,True
581,581,Hockey,2022-12-31,Edmonton Oilers - Winnipeg Jets,,True
582,582,Hockey,2022-12-31,Los Angeles Kings - Philadelphia Flyers,,True
583,583,Hockey,2022-12-31,St. Louis Blues - Minnesota Wild,,True
584,584,Hockey,2022-12-31,Tampa Bay Lightning - Arizona Coyotes,,True
585,585,Hockey,2022-12-31,Vegas Golden Knights - Nashville Predators,,True
586,586,Hockey,2022-12-31,Washington Capitals - Montreal Canadiens,,True
587,587,Hockey,2023-01-01,Chicago Blackhawks - San Jose Sharks,,True
588,588,Hockey,2023-01-01,Florida Panthers - New York Rangers,,True
589,589,Hockey,2023-01-01,New Jersey Devils - Carolina Hurricanes,,True
590,590,Hockey,2023-01-01,Ottawa Senators - Buffalo Sabres,,True
591,591,Hockey,2023-01-01,Seattle Kraken - New York Islanders,,True
592,592,Hockey,2023-01-02,Anaheim Ducks - Philadelphia Flyers,,True
593,593,Hockey,2023-01-02,Boston Bruins - Pittsburgh Penguins,,True
594,594,Hockey,2023-01-02,Colorado Avalanche - Vegas Golden Knights,,True
595,595,Hockey,2023-01-03,Chicago Blackhawks - Tampa Bay Lightning,,True
596,596,Hockey,2023-01-03,Edmonton Oilers - Seattle Kraken,,True
597,597,Hockey,2023-01-03,Florida Panthers - Arizona Coyotes,,True
598,598,Hockey,2023-01-03,Los Angeles Kings - Dallas Stars,,True
599,599,Hockey,2023-01-03,Nashville Predators - Montreal Canadiens,,True
600,600,Hockey,2023-01-03,New York Rangers - Carolina Hurricanes,,True
601,601,Hockey,2023-01-03,Ottawa Senators - Columbus Blue Jackets,,True
602,602,Hockey,2023-01-03,Toronto Maple Leafs - St. Louis Blues,,True
603,603,Hockey,2023-01-03,Vancouver Canucks - New York Islanders,,True
604,604,Hockey,2023-01-03,Winnipeg Jets - Calgary Flames,,True
605,605,Hockey,2023-01-03,Washington Capitals - Buffalo Sabres,,True
606,606,Hockey,2023-01-04,Anaheim Ducks - Dallas Stars,,True
607,607,Hockey,2023-01-04,Detroit Red Wings - New Jersey Devils,,True
608,608,Hockey,2023-01-04,Minnesota Wild - Tampa Bay Lightning,,True
609,609,Hockey,2023-01-05,Carolina Hurricanes - Nashville Predators,,True
610,610,Hockey,2023-01-05,Columbus Blue Jackets - Washington Capitals,,True
611,611,Hockey,2023-01-05,Edmonton Oilers - New York Islanders,,True
612,612,Hockey,2023-01-05,Los Angeles Kings - Boston Bruins,,True
613,613,Hockey,2023-01-05,Montreal Canadiens - New York Rangers,,True
614,614,Hockey,2023-01-05,New Jersey Devils - St. Louis Blues,,True
615,615,Hockey,2023-01-05,Philadelphia Flyers - Arizona Coyotes,,True
616,616,Hockey,2023-01-05,Toronto Maple Leafs - Seattle Kraken,,True
617,617,Hockey,2023-01-05,Vancouver Canucks - Colorado Avalanche,,True
618,618,Hockey,2023-01-05,Vegas Golden Knights - Pittsburgh Penguins,,True
619,619,Hockey,2023-01-06,Anaheim Ducks - San Jose Sharks,,True
620,620,Hockey,2023-01-06,Calgary Flames - New York Islanders,,True
621,621,Hockey,2023-01-06,Chicago Blackhawks - Arizona Coyotes,,True
622,622,Hockey,2023-01-06,Detroit Red Wings - Florida Panthers,,True
623,623,Hockey,2023-01-06,Winnipeg Jets - Tampa Bay Lightning,,True
624,624,Hockey,2023-01-06,Washington Capitals - Nashville Predators,,True
625,625,Hockey,2023-01-07,Buffalo Sabres - Minnesota Wild,,True
626,626,Hockey,2023-01-07,Columbus Blue Jackets - Carolina Hurricanes,,True
627,627,Hockey,2023-01-07,Edmonton Oilers - Colorado Avalanche,,True
628,628,Hockey,2023-01-07,Montreal Canadiens - St. Louis Blues,,True
629,629,Hockey,2023-01-07,New Jersey Devils - New York Rangers,,True
630,630,Hockey,2023-01-07,Ottawa Senators - Seattle Kraken,,True
631,631,Hockey,2023-01-07,San Jose Sharks - Boston Bruins,,True
632,632,Hockey,2023-01-07,Toronto Maple Leafs - Detroit Red Wings,,True
633,633,Hockey,2023-01-07,Vegas Golden Knights - Los Angeles Kings,,True
634,634,Hockey,2023-01-08,Anaheim Ducks - Boston Bruins,,True
635,635,Hockey,2023-01-08,Arizona Coyotes - Pittsburgh Penguins,,True
636,636,Hockey,2023-01-08,Chicago Blackhawks - Calgary Flames,,True
637,637,Hockey,2023-01-08,Dallas Stars - Florida Panthers,,True
638,638,Hockey,2023-01-08,Minnesota Wild - St. Louis Blues,,True
639,639,Hockey,2023-01-08,Philadelphia Flyers - Toronto Maple Leafs,,True
640,640,Hockey,2023-01-08,Winnipeg Jets - Vancouver Canucks,,True
641,641,Hockey,2023-01-08,Washington Capitals - Columbus Blue Jackets,,True
642,642,Hockey,2023-01-09,Los Angeles Kings - Edmonton Oilers,,True
643,643,Hockey,2023-01-09,Montreal Canadiens - Seattle Kraken,,True
644,644,Hockey,2023-01-09,Ottawa Senators - Nashville Predators,,True
645,645,Hockey,2023-01-10,Arizona Coyotes - San Jose Sharks,,True
646,646,Hockey,2023-01-10,Buffalo Sabres - Seattle Kraken,,True
647,647,Hockey,2023-01-10,Carolina Hurricanes - New Jersey Devils,,True
648,648,Hockey,2023-01-10,Colorado Avalanche - Florida Panthers,,True
649,649,Hockey,2023-01-10,Detroit Red Wings - Winnipeg Jets,,True
650,650,Hockey,2023-01-10,New York Islanders - Dallas Stars,,True
651,651,Hockey,2023-01-10,New York Rangers - Minnesota Wild,,True
652,652,Hockey,2023-01-10,Pittsburgh Penguins - Vancouver Canucks,,True
653,653,Hockey,2023-01-10,St. Louis Blues - Calgary Flames,,True
654,654,Hockey,2023-01-10,Tampa Bay Lightning - Columbus Blue Jackets,,True
655,655,Hockey,2023-01-11,Anaheim Ducks - Edmonton Oilers,,True
656,656,Hockey,2023-01-11,Los Angeles Kings - San Jose Sharks,,True
657,657,Hockey,2023-01-11,Philadelphia Flyers - Washington Capitals,,True
658,658,Hockey,2023-01-11,Toronto Maple Leafs - Nashville Predators,,True
659,659,Hockey,2023-01-12,Arizona Coyotes - Ottawa Senators,,True
660,660,Hockey,2023-01-12,Boston Bruins - Seattle Kraken,,True
661,661,Hockey,2023-01-12,Buffalo Sabres - Winnipeg Jets,,True
662,662,Hockey,2023-01-12,Columbus Blue Jackets - Carolina Hurricanes,,True
663,663,Hockey,2023-01-12,Chicago Blackhawks - Colorado Avalanche,,True
664,664,Hockey,2023-01-12,Detroit Red Wings - Toronto Maple Leafs,,True
665,665,Hockey,2023-01-12,Montreal Canadiens - Nashville Predators,,True
666,666,Hockey,2023-01-12,New York Islanders - Minnesota Wild,,True
667,667,Hockey,2023-01-12,New York Rangers - Dallas Stars,,True
668,668,Hockey,2023-01-12,St. Louis Blues - Calgary Flames,,True
669,669,Hockey,2023-01-12,Tampa Bay Lightning - Vancouver Canucks,,True
670,670,Hockey,2023-01-12,Vegas Golden Knights - Florida Panthers,,True
671,671,Hockey,2023-01-13,Anaheim Ducks - New Jersey Devils,,True
672,672,Hockey,2023-01-13,Pittsburgh Penguins - Winnipeg Jets,,True
673,673,Hockey,2023-01-13,San Jose Sharks - Edmonton Oilers,,True
674,674,Hockey,2023-01-14,Boston Bruins - Toronto Maple Leafs,,True
675,675,Hockey,2023-01-14,Carolina Hurricanes - Pittsburgh Penguins,,True
676,676,Hockey,2023-01-14,Chicago Blackhawks - Seattle Kraken,,True
677,677,Hockey,2023-01-14,Colorado Avalanche - Ottawa Senators,,True
678,678,Hockey,2023-01-14,Dallas Stars - Calgary Flames,,True
679,679,Hockey,2023-01-14,Detroit Red Wings - Columbus Blue Jackets,,True
680,680,Hockey,2023-01-14,Florida Panthers - Vancouver Canucks,,True
681,681,Hockey,2023-01-14,Los Angeles Kings - New Jersey Devils,,True
682,682,Hockey,2023-01-14,Minnesota Wild - Arizona Coyotes,,True
683,683,Hockey,2023-01-14,Nashville Predators - Buffalo Sabres,,True
684,684,Hockey,2023-01-14,New York Islanders - Montreal Canadiens,,True
685,685,Hockey,2023-01-14,St. Louis Blues - Tampa Bay Lightning,,True
686,686,Hockey,2023-01-14,Vegas Golden Knights - Edmonton Oilers,,True
687,687,Hockey,2023-01-14,Washington Capitals - Philadelphia Flyers,,True
688,688,Hockey,2023-01-15,Carolina Hurricanes - Vancouver Canucks,,True
689,689,Hockey,2023-01-15,New York Rangers - Montreal Canadiens,,True
690,690,Hockey,2023-01-15,Winnipeg Jets - Arizona Coyotes,,True
691,691,Hockey,2023-01-16,Boston Bruins - Philadelphia Flyers,,True
692,692,Hockey,2023-01-16,Buffalo Sabres - Florida Panthers,,True
693,693,Hockey,2023-01-16,Columbus Blue Jackets - New York Rangers,,True
694,694,Hockey,2023-01-16,Colorado Avalanche - Detroit Red Wings,,True
695,695,Hockey,2023-01-16,Nashville Predators - Calgary Flames,,True
696,696,Hockey,2023-01-16,New York Islanders - Washington Capitals,,True
697,697,Hockey,2023-01-16,Pittsburgh Penguins - Anaheim Ducks,,True
698,698,Hockey,2023-01-16,Seattle Kraken - Tampa Bay Lightning,,True
699,699,Hockey,2023-01-16,San Jose Sharks - New Jersey Devils,,True
700,700,Hockey,2023-01-16,St. Louis Blues - Ottawa Senators,,True
701,701,Hockey,2023-01-16,Vegas Golden Knights - Dallas Stars,,True
702,702,Hockey,2023-01-17,Arizona Coyotes - Detroit Red Wings,,True
703,703,Hockey,2023-01-17,Chicago Blackhawks - Buffalo Sabres,,True
704,704,Hockey,2023-01-17,Edmonton Oilers - Seattle Kraken,,True
705,705,Hockey,2023-01-17,Montreal Canadiens - Winnipeg Jets,,True
706,706,Hockey,2023-01-17,Nashville Predators - Columbus Blue Jackets,,True
707,707,Hockey,2023-01-17,Philadelphia Flyers - Anaheim Ducks,,True
708,708,Hockey,2023-01-17,Toronto Maple Leafs - Florida Panthers,,True
709,709,Hockey,2023-01-17,Washington Capitals - Minnesota Wild,,True
710,710,Hockey,2023-01-18,Calgary Flames - Colorado Avalanche,,True
711,711,Hockey,2023-01-18,New York Islanders - Boston Bruins,,True
712,712,Hockey,2023-01-18,Ottawa Senators - Pittsburgh Penguins,,True
713,713,Hockey,2023-01-18,San Jose Sharks - Dallas Stars,,True
714,714,Hockey,2023-01-18,Vancouver Canucks - Tampa Bay Lightning,,True
715,715,Hockey,2023-01-19,Arizona Coyotes - Washington Capitals,,True
716,716,Hockey,2023-01-19,Buffalo Sabres - New York Islanders,,True
717,717,Hockey,2023-01-19,Carolina Hurricanes - Minnesota Wild,,True
718,718,Hockey,2023-01-19,Columbus Blue Jackets - Anaheim Ducks,,True
719,719,Hockey,2023-01-19,Edmonton Oilers - Tampa Bay Lightning,,True
720,720,Hockey,2023-01-19,Los Angeles Kings - Dallas Stars,,True
721,721,Hockey,2023-01-19,Montreal Canadiens - Florida Panthers,,True
722,722,Hockey,2023-01-19,New York Rangers - Boston Bruins,,True
723,723,Hockey,2023-01-19,Philadelphia Flyers - Chicago Blackhawks,,True
724,724,Hockey,2023-01-19,Seattle Kraken - New Jersey Devils,,True
725,725,Hockey,2023-01-19,St. Louis Blues - Nashville Predators,,True
726,726,Hockey,2023-01-19,Toronto Maple Leafs - Winnipeg Jets,,True
727,727,Hockey,2023-01-19,Vegas Golden Knights - Detroit Red Wings,,True
728,728,Hockey,2023-01-20,Pittsburgh Penguins - Ottawa Senators,,True
729,729,Hockey,2023-01-20,Vancouver Canucks - Colorado Avalanche,,True
730,730,Hockey,2023-01-21,Buffalo Sabres - Anaheim Ducks,,True
731,731,Hockey,2023-01-21,Columbus Blue Jackets - San Jose Sharks,,True
732,732,Hockey,2023-01-21,Calgary Flames - Tampa Bay Lightning,,True
733,733,Hockey,2023-01-21,Dallas Stars - Arizona Coyotes,,True
734,734,Hockey,2023-01-21,Detroit Red Wings - Philadelphia Flyers,,True
735,735,Hockey,2023-01-21,Florida Panthers - Minnesota Wild,,True
736,736,Hockey,2023-01-21,Montreal Canadiens - Toronto Maple Leafs,,True
737,737,Hockey,2023-01-21,Nashville Predators - Los Angeles Kings,,True
738,738,Hockey,2023-01-21,New York Islanders - Carolina Hurricanes,,True
739,739,Hockey,2023-01-21,Ottawa Senators - Winnipeg Jets,,True
740,740,Hockey,2023-01-21,Seattle Kraken - Colorado Avalanche,,True
741,741,Hockey,2023-01-21,St. Louis Blues - Chicago Blackhawks,,True
742,742,Hockey,2023-01-21,Vancouver Canucks - Edmonton Oilers,,True
743,743,Hockey,2023-01-21,Vegas Golden Knights - Washington Capitals,,True
744,744,Hockey,2023-01-22,Arizona Coyotes - Vegas Golden Knights,,True
745,745,Hockey,2023-01-22,Boston Bruins - San Jose Sharks,,True
746,746,Hockey,2023-01-22,Chicago Blackhawks - Los Angeles Kings,,True
747,747,Hockey,2023-01-22,New Jersey Devils - Pittsburgh Penguins,,True
748,748,Hockey,2023-01-22,Philadelphia Flyers - Winnipeg Jets,,True
749,749,Hockey,2023-01-23,Calgary Flames - Columbus Blue Jackets,,True
750,750,Hockey,2023-01-23,Dallas Stars - Buffalo Sabres,,True
751,751,Hockey,2023-01-23,New York Rangers - Florida Panthers,,True
752,752,Hockey,2023-01-23,Toronto Maple Leafs - New York Islanders,,True
753,753,Hockey,2023-01-24,Arizona Coyotes - Anaheim Ducks,,True
754,754,Hockey,2023-01-24,Colorado Avalanche - Washington Capitals,,True
755,755,Hockey,2023-01-24,Detroit Red Wings - San Jose Sharks,,True
756,756,Hockey,2023-01-24,Montreal Canadiens - Boston Bruins,,True
757,757,Hockey,2023-01-24,New Jersey Devils - Vegas Golden Knights,,True
758,758,Hockey,2023-01-24,Nashville Predators - Winnipeg Jets,,True
759,759,Hockey,2023-01-24,Philadelphia Flyers - Los Angeles Kings,,True
760,760,Hockey,2023-01-24,Pittsburgh Penguins - Florida Panthers,,True
761,761,Hockey,2023-01-24,St. Louis Blues - Buffalo Sabres,,True
762,762,Hockey,2023-01-24,Tampa Bay Lightning - Minnesota Wild,,True
763,763,Hockey,2023-01-24,Vancouver Canucks - Chicago Blackhawks,,True
764,764,Hockey,2023-01-25,Dallas Stars - Carolina Hurricanes,,True
765,765,Hockey,2023-01-25,Edmonton Oilers - Columbus Blue Jackets,,True
766,766,Hockey,2023-01-25,Ottawa Senators - New York Islanders,,True
767,767,Hockey,2023-01-25,Seattle Kraken - Vancouver Canucks,,True
768,768,Hockey,2023-01-25,Toronto Maple Leafs - New York Rangers,,True
769,769,Hockey,2023-01-26,Arizona Coyotes - St. Louis Blues,,True
770,770,Hockey,2023-01-26,Calgary Flames - Chicago Blackhawks,,True
771,771,Hockey,2023-01-26,Colorado Avalanche - Anaheim Ducks,,True
772,772,Hockey,2023-01-26,Minnesota Wild - Philadelphia Flyers,,True
773,773,Hockey,2023-01-26,Montreal Canadiens - Detroit Red Wings,,True
774,774,Hockey,2023-01-26,Nashville Predators - New Jersey Devils,,True
775,775,Hockey,2023-01-26,Tampa Bay Lightning - Boston Bruins,,True
776,776,Hockey,2023-01-26,Winnipeg Jets - Buffalo Sabres,,True
777,777,Hockey,2023-01-26,Washington Capitals - Pittsburgh Penguins,,True
778,778,Hockey,2023-01-27,Carolina Hurricanes - San Jose Sharks,,True
779,779,Hockey,2023-01-27,Dallas Stars - New Jersey Devils,,True
780,780,Hockey,2023-01-27,Florida Panthers - Los Angeles Kings,,True
781,781,Hockey,2023-01-27,New York Islanders - Detroit Red Wings,,True
782,782,Hockey,2023-01-27,New York Rangers - Vegas Golden Knights,,True
783,783,Hockey,2023-01-27,Seattle Kraken - Calgary Flames,,True
784,784,Hockey,2023-01-27,Toronto Maple Leafs - Ottawa Senators,,True
785,785,Hockey,2023-01-27,Vancouver Canucks - Columbus Blue Jackets,,True
786,786,Hockey,2023-01-28,Anaheim Ducks - Arizona Coyotes,,True
787,787,Hockey,2023-01-28,Colorado Avalanche - St. Louis Blues,,True
788,788,Hockey,2023-01-28,Edmonton Oilers - Chicago Blackhawks,,True
789,789,Hockey,2023-01-28,Florida Panthers - Boston Bruins,,True
790,790,Hockey,2023-01-28,Minnesota Wild - Buffalo Sabres,,True
791,791,Hockey,2023-01-28,New York Islanders - Vegas Golden Knights,,True
792,792,Hockey,2023-01-28,Ottawa Senators - Montreal Canadiens,,True
793,793,Hockey,2023-01-28,Pittsburgh Penguins - San Jose Sharks,,True
794,794,Hockey,2023-01-28,Seattle Kraken - Columbus Blue Jackets,,True
795,795,Hockey,2023-01-28,Tampa Bay Lightning - Los Angeles Kings,,True
796,796,Hockey,2023-01-28,Winnipeg Jets - Philadelphia Flyers,,True
797,797,Hockey,2023-01-29,Carolina Hurricanes - Boston Bruins,,True
798,798,Hockey,2023-01-29,Toronto Maple Leafs - Washington Capitals,,True
799,799,Hockey,2023-01-30,Winnipeg Jets - St. Louis Blues,,True
800,800,Hockey,2023-01-31,Carolina Hurricanes - Los Angeles Kings,,True
801,801,Hockey,2023-01-31,Columbus Blue Jackets - Washington Capitals,,True
802,802,Hockey,2023-01-31,Montreal Canadiens - Ottawa Senators,,True
803,803,Hockey,2023-02-01,Buffalo Sabres - Carolina Hurricanes,,True
804,804,Hockey,2023-02-01,Toronto Maple Leafs - Boston Bruins,,True
805,805,Hockey,2023-02-06,Arizona Coyotes - Minnesota Wild,,True
806,806,Hockey,2023-02-06,Dallas Stars - Anaheim Ducks,,True
807,807,Hockey,2023-02-06,Florida Panthers - Tampa Bay Lightning,,True
808,808,Hockey,2023-02-06,New Jersey Devils - Vancouver Canucks,,True
809,809,Hockey,2023-02-06,New York Rangers - Calgary Flames,,True
810,810,Hockey,2023-02-06,Philadelphia Flyers - New York Islanders,,True
811,811,Hockey,2023-02-07,Chicago Blackhawks - Anaheim Ducks,,True
812,812,Hockey,2023-02-07,Detroit Red Wings - Edmonton Oilers,,True
813,813,Hockey,2023-02-07,Nashville Predators - Vegas Golden Knights,,True
814,814,Hockey,2023-02-07,New York Islanders - Seattle Kraken,,True
815,815,Hockey,2023-02-07,Pittsburgh Penguins - Colorado Avalanche,,True
816,816,Hockey,2023-02-07,Tampa Bay Lightning - San Jose Sharks,,True
817,817,Hockey,2023-02-08,Dallas Stars - Minnesota Wild,,True
818,818,Hockey,2023-02-08,New York Rangers - Vancouver Canucks,,True
819,819,Hockey,2023-02-09,Detroit Red Wings - Calgary Flames,,True
820,820,Hockey,2023-02-09,Florida Panthers - San Jose Sharks,,True
821,821,Hockey,2023-02-09,Minnesota Wild - Vegas Golden Knights,,True
822,822,Hockey,2023-02-09,New Jersey Devils - Seattle Kraken,,True
823,823,Hockey,2023-02-09,New York Islanders - Vancouver Canucks,,True
824,824,Hockey,2023-02-09,Philadelphia Flyers - Edmonton Oilers,,True
825,825,Hockey,2023-02-09,Tampa Bay Lightning - Colorado Avalanche,,True
826,826,Hockey,2023-02-10,Anaheim Ducks - Pittsburgh Penguins,,True
827,827,Hockey,2023-02-10,Columbus Blue Jackets - Toronto Maple Leafs,,True
828,828,Hockey,2023-02-10,Chicago Blackhawks - Arizona Coyotes,,True
829,829,Hockey,2023-02-10,New York Rangers - Seattle Kraken,,True
830,830,Hockey,2023-02-11,Boston Bruins - Washington Capitals,,True
831,831,Hockey,2023-02-11,Buffalo Sabres - Calgary Flames,,True
832,832,Hockey,2023-02-11,Carolina Hurricanes - New York Rangers,,True
833,833,Hockey,2023-02-11,Dallas Stars - Tampa Bay Lightning,,True
834,834,Hockey,2023-02-11,Detroit Red Wings - Vancouver Canucks,,True
835,835,Hockey,2023-02-11,Florida Panthers - Colorado Avalanche,,True
836,836,Hockey,2023-02-11,Los Angeles Kings - Pittsburgh Penguins,,True
837,837,Hockey,2023-02-11,Minnesota Wild - New Jersey Devils,,True
838,838,Hockey,2023-02-11,Montreal Canadiens - New York Islanders,,True
839,839,Hockey,2023-02-11,Ottawa Senators - Edmonton Oilers,,True
840,840,Hockey,2023-02-11,Philadelphia Flyers - Nashville Predators,,True
841,841,Hockey,2023-02-11,St. Louis Blues - Arizona Coyotes,,True
842,842,Hockey,2023-02-11,Toronto Maple Leafs - Columbus Blue Jackets,,True
843,843,Hockey,2023-02-11,Winnipeg Jets - Chicago Blackhawks,,True
844,844,Hockey,2023-02-12,Montreal Canadiens - Edmonton Oilers,,True
845,845,Hockey,2023-02-12,Philadelphia Flyers - Seattle Kraken,,True
846,846,Hockey,2023-02-12,Vegas Golden Knights - Anaheim Ducks,,True
847,847,Hockey,2023-02-12,Washington Capitals - San Jose Sharks,,True
848,848,Hockey,2023-02-13,Los Angeles Kings - Buffalo Sabres,,True
849,849,Hockey,2023-02-13,Minnesota Wild - Florida Panthers,,True
850,850,Hockey,2023-02-13,Nashville Predators - Arizona Coyotes,,True
851,851,Hockey,2023-02-13,Ottawa Senators - Calgary Flames,,True
852,852,Hockey,2023-02-13,Vancouver Canucks - Detroit Red Wings,,True
853,853,Hockey,2023-02-14,Columbus Blue Jackets - New Jersey Devils,,True
854,854,Hockey,2023-02-14,Colorado Avalanche - Tampa Bay Lightning,,True
855,855,Hockey,2023-02-14,Dallas Stars - Boston Bruins,,True
856,856,Hockey,2023-02-14,Montreal Canadiens - Chicago Blackhawks,,True
857,857,Hockey,2023-02-14,New York Islanders - Ottawa Senators,,True
858,858,Hockey,2023-02-14,San Jose Sharks - Pittsburgh Penguins,,True
859,859,Hockey,2023-02-14,St. Louis Blues - Florida Panthers,,True
860,860,Hockey,2023-02-14,Winnipeg Jets - Seattle Kraken,,True
861,861,Hockey,2023-02-14,Washington Capitals - Carolina Hurricanes,,True
862,862,Hockey,2023-02-15,Anaheim Ducks - Buffalo Sabres,,True
863,863,Hockey,2023-02-15,Arizona Coyotes - Tampa Bay Lightning,,True
864,864,Hockey,2023-02-15,Edmonton Oilers - Detroit Red Wings,,True
865,865,Hockey,2023-02-15,Minnesota Wild - Colorado Avalanche,,True
866,866,Hockey,2023-02-15,Toronto Maple Leafs - Chicago Blackhawks,,True
867,867,Hockey,2023-02-15,Vancouver Canucks - New York Rangers,,True
868,868,Hockey,2023-02-16,Carolina Hurricanes - Montreal Canadiens,,True
869,869,Hockey,2023-02-16,Columbus Blue Jackets - Winnipeg Jets,,True
870,870,Hockey,2023-02-16,Calgary Flames - Detroit Red Wings,,True
871,871,Hockey,2023-02-16,Nashville Predators - Boston Bruins,,True
872,872,Hockey,2023-02-16,Seattle Kraken - Philadelphia Flyers,,True
873,873,Hockey,2023-02-16,St. Louis Blues - New Jersey Devils,,True
874,874,Hockey,2023-02-16,Vegas Golden Knights - San Jose Sharks,,True
875,875,Hockey,2023-02-16,Washington Capitals - Florida Panthers,,True
876,876,Hockey,2023-02-17,Anaheim Ducks - Los Angeles Kings,,True
877,877,Hockey,2023-02-17,Edmonton Oilers - New York Rangers,,True
878,878,Hockey,2023-02-17,Minnesota Wild - Dallas Stars,,True
879,879,Hockey,2023-02-17,New York Islanders - Pittsburgh Penguins,,True
880,880,Hockey,2023-02-17,Ottawa Senators - Chicago Blackhawks,,True
881,881,Hockey,2023-02-18,Boston Bruins - New York Islanders,,True
882,882,Hockey,2023-02-18,Carolina Hurricanes - Washington Capitals,,True
883,883,Hockey,2023-02-18,Calgary Flames - New York Rangers,,True
884,884,Hockey,2023-02-18,Dallas Stars - Columbus Blue Jackets,,True
885,885,Hockey,2023-02-18,Los Angeles Kings - Arizona Coyotes,,True
886,886,Hockey,2023-02-18,Nashville Predators - Florida Panthers,,True
887,887,Hockey,2023-02-18,Pittsburgh Penguins - New Jersey Devils,,True
888,888,Hockey,2023-02-18,Seattle Kraken - Detroit Red Wings,,True
889,889,Hockey,2023-02-18,San Jose Sharks - Buffalo Sabres,,True
890,890,Hockey,2023-02-18,St. Louis Blues - Colorado Avalanche,,True
891,891,Hockey,2023-02-18,Toronto Maple Leafs - Montreal Canadiens,,True
892,892,Hockey,2023-02-18,Vancouver Canucks - Philadelphia Flyers,,True
893,893,Hockey,2023-02-18,Vegas Golden Knights - Tampa Bay Lightning,,True
894,894,Hockey,2023-02-19,Arizona Coyotes - Columbus Blue Jackets,,True
895,895,Hockey,2023-02-19,Chicago Blackhawks - Toronto Maple Leafs,,True
896,896,Hockey,2023-02-19,Colorado Avalanche - Edmonton Oilers,,True
897,897,Hockey,2023-02-19,Minnesota Wild - Nashville Predators,,True
898,898,Hockey,2023-02-19,New Jersey Devils - Winnipeg Jets,,True
899,899,Hockey,2023-02-19,Ottawa Senators - St. Louis Blues,,True
900,900,Hockey,2023-02-20,Boston Bruins - Ottawa Senators,,True
901,901,Hockey,2023-02-20,Calgary Flames - Philadelphia Flyers,,True
902,902,Hockey,2023-02-20,Florida Panthers - Anaheim Ducks,,True
903,903,Hockey,2023-02-20,New York Rangers - Winnipeg Jets,,True
904,904,Hockey,2023-02-20,Pittsburgh Penguins - New York Islanders,,True
905,905,Hockey,2023-02-20,San Jose Sharks - Seattle Kraken,,True
906,906,Hockey,2023-02-21,Buffalo Sabres - Toronto Maple Leafs,,True
907,907,Hockey,2023-02-21,Carolina Hurricanes - St. Louis Blues,,True
908,908,Hockey,2023-02-21,Chicago Blackhawks - Vegas Golden Knights,,True
909,909,Hockey,2023-02-21,Edmonton Oilers - Philadelphia Flyers,,True
910,910,Hockey,2023-02-21,Minnesota Wild - Los Angeles Kings,,True
911,911,Hockey,2023-02-21,New Jersey Devils - Montreal Canadiens,,True
912,912,Hockey,2023-02-21,Nashville Predators - Vancouver Canucks,,True
913,913,Hockey,2023-02-21,Tampa Bay Lightning - Anaheim Ducks,,True
914,914,Hockey,2023-02-21,Washington Capitals - Detroit Red Wings,,True
915,915,Hockey,2023-02-22,Arizona Coyotes - Calgary Flames,,True
916,916,Hockey,2023-02-22,Dallas Stars - Chicago Blackhawks,,True
917,917,Hockey,2023-02-22,New York Islanders - Winnipeg Jets,,True
918,918,Hockey,2023-02-23,Columbus Blue Jackets - Minnesota Wild,,True
919,919,Hockey,2023-02-23,Detroit Red Wings - New York Rangers,,True
920,920,Hockey,2023-02-23,New Jersey Devils - Los Angeles Kings,,True
921,921,Hockey,2023-02-23,Pittsburgh Penguins - Edmonton Oilers,,True
922,922,Hockey,2023-02-23,Seattle Kraken - Boston Bruins,,True
923,923,Hockey,2023-02-23,San Jose Sharks - Nashville Predators,,True
924,924,Hockey,2023-02-23,St. Louis Blues - Vancouver Canucks,,True
925,925,Hockey,2023-02-23,Tampa Bay Lightning - Buffalo Sabres,,True
926,926,Hockey,2023-02-23,Vegas Golden Knights - Calgary Flames,,True
927,927,Hockey,2023-02-23,Washington Capitals - Anaheim Ducks,,True
928,928,Hockey,2023-02-24,Carolina Hurricanes - Ottawa Senators,,True
929,929,Hockey,2023-02-24,Florida Panthers - Buffalo Sabres,,True
930,930,Hockey,2023-02-24,New York Islanders - Los Angeles Kings,,True
931,931,Hockey,2023-02-24,Philadelphia Flyers - Montreal Canadiens,,True
932,932,Hockey,2023-02-24,Toronto Maple Leafs - Minnesota Wild,,True
933,933,Hockey,2023-02-24,Winnipeg Jets - Colorado Avalanche,,True
934,934,Hockey,2023-02-25,Carolina Hurricanes - Anaheim Ducks,,True
935,935,Hockey,2023-02-25,Columbus Blue Jackets - Edmonton Oilers,,True
936,936,Hockey,2023-02-25,Colorado Avalanche - Calgary Flames,,True
937,937,Hockey,2023-02-25,Detroit Red Wings - Tampa Bay Lightning,,True
938,938,Hockey,2023-02-25,Montreal Canadiens - Ottawa Senators,,True
939,939,Hockey,2023-02-25,New Jersey Devils - Philadelphia Flyers,,True
940,940,Hockey,2023-02-25,San Jose Sharks - Chicago Blackhawks,,True
941,941,Hockey,2023-02-25,St. Louis Blues - Pittsburgh Penguins,,True
942,942,Hockey,2023-02-25,Vancouver Canucks - Boston Bruins,,True
943,943,Hockey,2023-02-25,Vegas Golden Knights - Dallas Stars,,True
944,944,Hockey,2023-02-25,Washington Capitals - New York Rangers,,True
945,945,Hockey,2023-02-26,Arizona Coyotes - Nashville Predators,,True
946,946,Hockey,2023-02-26,Buffalo Sabres - Washington Capitals,,True
947,947,Hockey,2023-02-26,Minnesota Wild - Columbus Blue Jackets,,True
948,948,Hockey,2023-02-26,New York Rangers - Los Angeles Kings,,True
949,949,Hockey,2023-02-26,Pittsburgh Penguins - Tampa Bay Lightning,,True
950,950,Hockey,2023-02-26,Seattle Kraken - Toronto Maple Leafs,,True
951,951,Hockey,2023-02-26,Winnipeg Jets - New York Islanders,,True
952,952,Hockey,2023-02-27,Anaheim Ducks - Chicago Blackhawks,,True
953,953,Hockey,2023-02-27,Colorado Avalanche - Vegas Golden Knights,,True
954,954,Hockey,2023-02-27,Dallas Stars - Vancouver Canucks,,True
955,955,Hockey,2023-02-27,Edmonton Oilers - Boston Bruins,,True
956,956,Hockey,2023-02-28,Arizona Coyotes - Chicago Blackhawks,,True
957,957,Hockey,2023-02-28,Buffalo Sabres - Columbus Blue Jackets,,True
958,958,Hockey,2023-02-28,Calgary Flames - Boston Bruins,,True
959,959,Hockey,2023-02-28,Minnesota Wild - New York Islanders,,True
960,960,Hockey,2023-02-28,Nashville Predators - Pittsburgh Penguins,,True
961,961,Hockey,2023-02-28,Ottawa Senators - Detroit Red Wings,,True
962,962,Hockey,2023-02-28,San Jose Sharks - Montreal Canadiens,,True
963,963,Hockey,2023-02-28,St. Louis Blues - Seattle Kraken,,True
964,964,Hockey,2023-02-28,Tampa Bay Lightning - Florida Panthers,,True
965,965,Hockey,2023-02-28,Winnipeg Jets - Los Angeles Kings,,True
966,966,Hockey,2023-03-01,Anaheim Ducks - Washington Capitals,,True
967,967,Hockey,2023-03-01,Colorado Avalanche - New Jersey Devils,,True
968,968,Hockey,2023-03-01,Dallas Stars - Arizona Coyotes,,True
969,969,Hockey,2023-03-01,Edmonton Oilers - Toronto Maple Leafs,,True
970,970,Hockey,2023-03-01,Philadelphia Flyers - New York Rangers,,True
971,971,Hockey,2023-03-01,Vegas Golden Knights - Carolina Hurricanes,,True
972,972,Hockey,2023-03-02,Boston Bruins - Buffalo Sabres,,True
973,973,Hockey,2023-03-02,Calgary Flames - Toronto Maple Leafs,,True
974,974,Hockey,2023-03-02,Chicago Blackhawks - Dallas Stars,,True
975,975,Hockey,2023-03-02,Detroit Red Wings - Seattle Kraken,,True
976,976,Hockey,2023-03-02,Florida Panthers - Nashville Predators,,True
977,977,Hockey,2023-03-02,Los Angeles Kings - Montreal Canadiens,,True
978,978,Hockey,2023-03-02,New York Rangers - Ottawa Senators,,True
979,979,Hockey,2023-03-02,San Jose Sharks - St. Louis Blues,,True
980,980,Hockey,2023-03-02,Tampa Bay Lightning - Pittsburgh Penguins,,True
981,981,Hockey,2023-03-02,Vancouver Canucks - Minnesota Wild,,True
982,982,Hockey,2023-03-03,Anaheim Ducks - Montreal Canadiens,,True
983,983,Hockey,2023-03-03,Arizona Coyotes - Carolina Hurricanes,,True
984,984,Hockey,2023-03-03,Columbus Blue Jackets - Seattle Kraken,,True
985,985,Hockey,2023-03-03,Edmonton Oilers - Winnipeg Jets,,True
986,986,Hockey,2023-03-03,Vegas Golden Knights - New Jersey Devils,,True
987,987,Hockey,2023-03-04,Boston Bruins - New York Rangers,,True
988,988,Hockey,2023-03-04,Buffalo Sabres - Philadelphia Flyers,,True
989,989,Hockey,2023-03-04,Calgary Flames - Minnesota Wild,,True
990,990,Hockey,2023-03-04,Chicago Blackhawks - Nashville Predators,,True
991,991,Hockey,2023-03-04,Dallas Stars - Colorado Avalanche,,True
992,992,Hockey,2023-03-04,Florida Panthers - Pittsburgh Penguins,,True
993,993,Hockey,2023-03-04,Los Angeles Kings - St. Louis Blues,,True
994,994,Hockey,2023-03-04,New York Islanders - Detroit Red Wings,,True
995,995,Hockey,2023-03-04,Ottawa Senators - Columbus Blue Jackets,,True
996,996,Hockey,2023-03-04,San Jose Sharks - Washington Capitals,,True
997,997,Hockey,2023-03-04,Vancouver Canucks - Toronto Maple Leafs,,True
998,998,Hockey,2023-03-04,Winnipeg Jets - Edmonton Oilers,,True
999,999,Hockey,2023-03-05,Arizona Coyotes - New Jersey Devils,,True
1000,1000,Hockey,2023-03-05,Carolina Hurricanes - Tampa Bay Lightning,,True
1001,1001,Hockey,2023-03-05,Colorado Avalanche - Seattle Kraken,,True
1002,1002,Hockey,2023-03-05,Philadelphia Flyers - Detroit Red Wings,,True
1003,1003,Hockey,2023-03-05,Vegas Golden Knights - Montreal Canadiens,,True
1004,1004,Hockey,2023-03-06,Buffalo Sabres - Edmonton Oilers,,True
1005,1005,Hockey,2023-03-06,Chicago Blackhawks - Ottawa Senators,,True
1006,1006,Hockey,2023-03-06,Dallas Stars - Calgary Flames,,True
1007,1007,Hockey,2023-03-06,Los Angeles Kings - Washington Capitals,,True
1008,1008,Hockey,2023-03-06,Vancouver Canucks - Nashville Predators,,True
1009,1009,Hockey,2023-03-06,Winnipeg Jets - San Jose Sharks,,True
1010,1010,Hockey,2023-03-07,Arizona Coyotes - St. Louis Blues,,True
1011,1011,Hockey,2023-03-07,Colorado Avalanche - San Jose Sharks,,True
1012,1012,Hockey,2023-03-07,Florida Panthers - Vegas Golden Knights,,True
1013,1013,Hockey,2023-03-07,Minnesota Wild - Calgary Flames,,True
1014,1014,Hockey,2023-03-07,Montreal Canadiens - Carolina Hurricanes,,True
1015,1015,Hockey,2023-03-07,New Jersey Devils - Toronto Maple Leafs,,True
1016,1016,Hockey,2023-03-07,New York Islanders - Buffalo Sabres,,True
1017,1017,Hockey,2023-03-07,Pittsburgh Penguins - Columbus Blue Jackets,,True
1018,1018,Hockey,2023-03-07,Seattle Kraken - Anaheim Ducks,,True
1019,1019,Hockey,2023-03-07,Tampa Bay Lightning - Philadelphia Flyers,,True
1020,1020,Hockey,2023-03-08,Detroit Red Wings - Chicago Blackhawks,,True
1021,1021,Hockey,2023-03-08,Vancouver Canucks - Anaheim Ducks,,True
1022,1022,Hockey,2023-03-08,Winnipeg Jets - Minnesota Wild,,True
1023,1023,Hockey,2023-03-09,Arizona Coyotes - Nashville Predators,,True
1024,1024,Hockey,2023-03-09,Boston Bruins - Edmonton Oilers,,True
1025,1025,Hockey,2023-03-09,Buffalo Sabres - Dallas Stars,,True
1026,1026,Hockey,2023-03-09,Carolina Hurricanes - Philadelphia Flyers,,True
1027,1027,Hockey,2023-03-09,Colorado Avalanche - Los Angeles Kings,,True
1028,1028,Hockey,2023-03-09,Montreal Canadiens - New York Rangers,,True
1029,1029,Hockey,2023-03-09,Pittsburgh Penguins - New York Islanders,,True
1030,1030,Hockey,2023-03-09,Seattle Kraken - Ottawa Senators,,True
1031,1031,Hockey,2023-03-09,St. Louis Blues - San Jose Sharks,,True
1032,1032,Hockey,2023-03-09,Tampa Bay Lightning - Vegas Golden Knights,,True
1033,1033,Hockey,2023-03-09,Washington Capitals - New Jersey Devils,,True
1034,1034,Hockey,2023-03-10,Calgary Flames - Anaheim Ducks,,True
1035,1035,Hockey,2023-03-10,Florida Panthers - Chicago Blackhawks,,True
1036,1036,Hockey,2023-03-11,Boston Bruins - Detroit Red Wings,,True
1037,1037,Hockey,2023-03-11,Buffalo Sabres - New York Rangers,,True
1038,1038,Hockey,2023-03-11,Carolina Hurricanes - Vegas Golden Knights,,True
1039,1039,Hockey,2023-03-11,Columbus Blue Jackets - St. Louis Blues,,True
1040,1040,Hockey,2023-03-11,Colorado Avalanche - Arizona Coyotes,,True
1041,1041,Hockey,2023-03-11,Florida Panthers - Winnipeg Jets,,True
1042,1042,Hockey,2023-03-11,Los Angeles Kings - Nashville Predators,,True
1043,1043,Hockey,2023-03-11,Montreal Canadiens - New Jersey Devils,,True
1044,1044,Hockey,2023-03-11,New York Islanders - Washington Capitals,,True
1045,1045,Hockey,2023-03-11,Pittsburgh Penguins - Philadelphia Flyers,,True
1046,1046,Hockey,2023-03-11,Seattle Kraken - Dallas Stars,,True
1047,1047,Hockey,2023-03-11,San Jose Sharks - Minnesota Wild,,True
1048,1048,Hockey,2023-03-11,Tampa Bay Lightning - Chicago Blackhawks,,True
1049,1049,Hockey,2023-03-11,Toronto Maple Leafs - Edmonton Oilers,,True
1050,1050,Hockey,2023-03-11,Vancouver Canucks - Ottawa Senators,,True
1051,1051,Hockey,2023-03-12,Anaheim Ducks - Nashville Predators,,True
1052,1052,Hockey,2023-03-12,Arizona Coyotes - Minnesota Wild,,True
1053,1053,Hockey,2023-03-12,Calgary Flames - Ottawa Senators,,True
1054,1054,Hockey,2023-03-12,Detroit Red Wings - Boston Bruins,,True
1055,1055,Hockey,2023-03-12,New Jersey Devils - Carolina Hurricanes,,True
1056,1056,Hockey,2023-03-12,Pittsburgh Penguins - New York Rangers,,True
1057,1057,Hockey,2023-03-12,St. Louis Blues - Vegas Golden Knights,,True
1058,1058,Hockey,2023-03-12,Tampa Bay Lightning - Winnipeg Jets,,True
1059,1059,Hockey,2023-03-13,Montreal Canadiens - Colorado Avalanche,,True
1060,1060,Hockey,2023-03-13,Seattle Kraken - Dallas Stars,,True
1061,1061,Hockey,2023-03-13,Toronto Maple Leafs - Buffalo Sabres,,True
1062,1062,Hockey,2023-03-14,Arizona Coyotes - Calgary Flames,,True
1063,1063,Hockey,2023-03-14,Carolina Hurricanes - Winnipeg Jets,,True
1064,1064,Hockey,2023-03-14,Chicago Blackhawks - Boston Bruins,,True
1065,1065,Hockey,2023-03-14,Edmonton Oilers - Ottawa Senators,,True
1066,1066,Hockey,2023-03-14,Los Angeles Kings - New York Islanders,,True
1067,1067,Hockey,2023-03-14,New Jersey Devils - Tampa Bay Lightning,,True
1068,1068,Hockey,2023-03-14,Nashville Predators - Detroit Red Wings,,True
1069,1069,Hockey,2023-03-14,New York Rangers - Washington Capitals,,True
1070,1070,Hockey,2023-03-14,Philadelphia Flyers - Vegas Golden Knights,,True
1071,1071,Hockey,2023-03-14,Pittsburgh Penguins - Montreal Canadiens,,True
1072,1072,Hockey,2023-03-14,San Jose Sharks - Columbus Blue Jackets,,True
1073,1073,Hockey,2023-03-14,Vancouver Canucks - Dallas Stars,,True
1074,1074,Hockey,2023-03-15,Anaheim Ducks - New York Islanders,,True
1075,1075,Hockey,2023-03-15,St. Louis Blues - Minnesota Wild,,True
1076,1076,Hockey,2023-03-15,Toronto Maple Leafs - Colorado Avalanche,,True
1077,1077,Hockey,2023-03-15,Washington Capitals - Buffalo Sabres,,True
1078,1078,Hockey,2023-03-16,Arizona Coyotes - Vancouver Canucks,,True
1079,1079,Hockey,2023-03-16,Edmonton Oilers - Dallas Stars,,True
1080,1080,Hockey,2023-03-16,Florida Panthers - Montreal Canadiens,,True
1081,1081,Hockey,2023-03-16,Los Angeles Kings - Columbus Blue Jackets,,True
1082,1082,Hockey,2023-03-16,New Jersey Devils - Tampa Bay Lightning,,True
1083,1083,Hockey,2023-03-16,Nashville Predators - Chicago Blackhawks,,True
1084,1084,Hockey,2023-03-16,New York Rangers - Pittsburgh Penguins,,True
1085,1085,Hockey,2023-03-16,Ottawa Senators - Colorado Avalanche,,True
1086,1086,Hockey,2023-03-16,San Jose Sharks - Seattle Kraken,,True
1087,1087,Hockey,2023-03-16,Vegas Golden Knights - Calgary Flames,,True
1088,1088,Hockey,2023-03-16,Winnipeg Jets - Boston Bruins,,True
1089,1089,Hockey,2023-03-17,Anaheim Ducks - Columbus Blue Jackets,,True
1090,1090,Hockey,2023-03-17,Philadelphia Flyers - Buffalo Sabres,,True
1091,1091,Hockey,2023-03-17,Toronto Maple Leafs - Carolina Hurricanes,,True
1092,1092,Hockey,2023-03-17,Washington Capitals - St. Louis Blues,,True
1093,1093,Hockey,2023-03-18,Arizona Coyotes - Chicago Blackhawks,,True
1094,1094,Hockey,2023-03-18,Calgary Flames - Dallas Stars,,True
1095,1095,Hockey,2023-03-18,Detroit Red Wings - Colorado Avalanche,,True
1096,1096,Hockey,2023-03-18,Florida Panthers - New Jersey Devils,,True
1097,1097,Hockey,2023-03-18,Los Angeles Kings - Vancouver Canucks,,True
1098,1098,Hockey,2023-03-18,Minnesota Wild - Boston Bruins,,True
1099,1099,Hockey,2023-03-18,Nashville Predators - Winnipeg Jets,,True
1100,1100,Hockey,2023-03-18,New York Rangers - Pittsburgh Penguins,,True
1101,1101,Hockey,2023-03-18,Ottawa Senators - Toronto Maple Leafs,,True
1102,1102,Hockey,2023-03-18,Philadelphia Flyers - Carolina Hurricanes,,True
1103,1103,Hockey,2023-03-18,Seattle Kraken - Edmonton Oilers,,True
1104,1104,Hockey,2023-03-18,San Jose Sharks - New York Islanders,,True
1105,1105,Hockey,2023-03-18,Tampa Bay Lightning - Montreal Canadiens,,True
1106,1106,Hockey,2023-03-19,Anaheim Ducks - Vancouver Canucks,,True
1107,1107,Hockey,2023-03-19,Buffalo Sabres - Boston Bruins,,True
1108,1108,Hockey,2023-03-19,Minnesota Wild - Washington Capitals,,True
1109,1109,Hockey,2023-03-19,New York Rangers - Nashville Predators,,True
1110,1110,Hockey,2023-03-19,St. Louis Blues - Winnipeg Jets,,True
1111,1111,Hockey,2023-03-19,Tampa Bay Lightning - New Jersey Devils,,True
1112,1112,Hockey,2023-03-19,Vegas Golden Knights - Columbus Blue Jackets,,True
1113,1113,Hockey,2023-03-20,Colorado Avalanche - Chicago Blackhawks,,True
1114,1114,Hockey,2023-03-20,Detroit Red Wings - Florida Panthers,,True
1115,1115,Hockey,2023-03-20,Edmonton Oilers - San Jose Sharks,,True
1116,1116,Hockey,2023-03-20,Los Angeles Kings - Calgary Flames,,True
1117,1117,Hockey,2023-03-20,Pittsburgh Penguins - Ottawa Senators,,True
1118,1118,Hockey,2023-03-21,Anaheim Ducks - Calgary Flames,,True
1119,1119,Hockey,2023-03-21,Boston Bruins - Ottawa Senators,,True
1120,1120,Hockey,2023-03-21,Buffalo Sabres - Nashville Predators,,True
1121,1121,Hockey,2023-03-21,Dallas Stars - Seattle Kraken,,True
1122,1122,Hockey,2023-03-21,Montreal Canadiens - Tampa Bay Lightning,,True
1123,1123,Hockey,2023-03-21,New Jersey Devils - Minnesota Wild,,True
1124,1124,Hockey,2023-03-21,New York Islanders - Toronto Maple Leafs,,True
1125,1125,Hockey,2023-03-21,New York Rangers - Carolina Hurricanes,,True
1126,1126,Hockey,2023-03-21,Philadelphia Flyers - Florida Panthers,,True
1127,1127,Hockey,2023-03-21,St. Louis Blues - Detroit Red Wings,,True
1128,1128,Hockey,2023-03-21,Vancouver Canucks - Vegas Golden Knights,,True
1129,1129,Hockey,2023-03-21,Winnipeg Jets - Arizona Coyotes,,True
1130,1130,Hockey,2023-03-21,Washington Capitals - Columbus Blue Jackets,,True
1131,1131,Hockey,2023-03-22,Colorado Avalanche - Pittsburgh Penguins,,True
1132,1132,Hockey,2023-03-22,Edmonton Oilers - Arizona Coyotes,,True
1133,1133,Hockey,2023-03-23,Anaheim Ducks - Winnipeg Jets,,True
1134,1134,Hockey,2023-03-23,Boston Bruins - Montreal Canadiens,,True
1135,1135,Hockey,2023-03-23,Carolina Hurricanes - New York Rangers,,True
1136,1136,Hockey,2023-03-23,Calgary Flames - Vegas Golden Knights,,True
1137,1137,Hockey,2023-03-23,Dallas Stars - Pittsburgh Penguins,,True
1138,1138,Hockey,2023-03-23,Detroit Red Wings - St. Louis Blues,,True
1139,1139,Hockey,2023-03-23,Florida Panthers - Toronto Maple Leafs,,True
1140,1140,Hockey,2023-03-23,Nashville Predators - Seattle Kraken,,True
1141,1141,Hockey,2023-03-23,Ottawa Senators - Tampa Bay Lightning,,True
1142,1142,Hockey,2023-03-23,Philadelphia Flyers - Minnesota Wild,,True
1143,1143,Hockey,2023-03-23,Vancouver Canucks - San Jose Sharks,,True
1144,1144,Hockey,2023-03-23,Washington Capitals - Chicago Blackhawks,,True
1145,1145,Hockey,2023-03-24,Buffalo Sabres - New Jersey Devils,,True
1146,1146,Hockey,2023-03-24,Columbus Blue Jackets - New York Islanders,,True
1147,1147,Hockey,2023-03-24,Colorado Avalanche - Arizona Coyotes,,True
1148,1148,Hockey,2023-03-25,Anaheim Ducks - St. Louis Blues,,True
1149,1149,Hockey,2023-03-25,Boston Bruins - Tampa Bay Lightning,,True
1150,1150,Hockey,2023-03-25,Carolina Hurricanes - Toronto Maple Leafs,,True
1151,1151,Hockey,2023-03-25,Calgary Flames - San Jose Sharks,,True
1152,1152,Hockey,2023-03-25,Dallas Stars - Vancouver Canucks,,True
1153,1153,Hockey,2023-03-25,Edmonton Oilers - Vegas Golden Knights,,True
1154,1154,Hockey,2023-03-25,Florida Panthers - New York Rangers,,True
1155,1155,Hockey,2023-03-25,Los Angeles Kings - Winnipeg Jets,,True
1156,1156,Hockey,2023-03-25,Minnesota Wild - Chicago Blackhawks,,True
1157,1157,Hockey,2023-03-25,Montreal Canadiens - Columbus Blue Jackets,,True
1158,1158,Hockey,2023-03-25,New Jersey Devils - Ottawa Senators,,True
1159,1159,Hockey,2023-03-25,Nashville Predators - Seattle Kraken,,True
1160,1160,Hockey,2023-03-25,New York Islanders - Buffalo Sabres,,True
1161,1161,Hockey,2023-03-25,Philadelphia Flyers - Detroit Red Wings,,True
1162,1162,Hockey,2023-03-25,Pittsburgh Penguins - Washington Capitals,,True
1163,1163,Hockey,2023-03-26,Arizona Coyotes - Colorado Avalanche,,True
1164,1164,Hockey,2023-03-26,Carolina Hurricanes - Boston Bruins,,True
1165,1165,Hockey,2023-03-26,Chicago Blackhawks - Vancouver Canucks,,True
1166,1166,Hockey,2023-03-26,Los Angeles Kings - St. Louis Blues,,True
1167,1167,Hockey,2023-03-26,Nashville Predators - Toronto Maple Leafs,,True
1168,1168,Hockey,2023-03-27,Anaheim Ducks - Colorado Avalanche,,True
1169,1169,Hockey,2023-03-27,Arizona Coyotes - Edmonton Oilers,,True
1170,1170,Hockey,2023-03-27,Buffalo Sabres - Montreal Canadiens,,True
1171,1171,Hockey,2023-03-27,Minnesota Wild - Seattle Kraken,,True
1172,1172,Hockey,2023-03-27,New York Islanders - New Jersey Devils,,True
1173,1173,Hockey,2023-03-27,Ottawa Senators - Florida Panthers,,True
1174,1174,Hockey,2023-03-28,Boston Bruins - Nashville Predators,,True
1175,1175,Hockey,2023-03-28,Carolina Hurricanes - Tampa Bay Lightning,,True
1176,1176,Hockey,2023-03-28,Calgary Flames - Los Angeles Kings,,True
1177,1177,Hockey,2023-03-28,Chicago Blackhawks - Dallas Stars,,True
1178,1178,Hockey,2023-03-28,Detroit Red Wings - Pittsburgh Penguins,,True
1179,1179,Hockey,2023-03-28,New York Rangers - Columbus Blue Jackets,,True
1180,1180,Hockey,2023-03-28,Philadelphia Flyers - Montreal Canadiens,,True
1181,1181,Hockey,2023-03-28,San Jose Sharks - Winnipeg Jets,,True
1182,1182,Hockey,2023-03-28,St. Louis Blues - Vancouver Canucks,,True
1183,1183,Hockey,2023-03-28,Vegas Golden Knights - Edmonton Oilers,,True
1184,1184,Hockey,2023-03-29,Colorado Avalanche - Minnesota Wild,,True
1185,1185,Hockey,2023-03-29,Toronto Maple Leafs - Florida Panthers,,True
1186,1186,Hockey,2023-03-29,Washington Capitals - New York Islanders,,True
1187,1187,Hockey,2023-03-30,Boston Bruins - Columbus Blue Jackets,,True
1188,1188,Hockey,2023-03-30,Chicago Blackhawks - St. Louis Blues,,True
1189,1189,Hockey,2023-03-30,Detroit Red Wings - Carolina Hurricanes,,True
1190,1190,Hockey,2023-03-30,Edmonton Oilers - Los Angeles Kings,,True
1191,1191,Hockey,2023-03-30,Montreal Canadiens - Florida Panthers,,True
1192,1192,Hockey,2023-03-30,New Jersey Devils - New York Rangers,,True
1193,1193,Hockey,2023-03-30,Ottawa Senators - Philadelphia Flyers,,True
1194,1194,Hockey,2023-03-30,Pittsburgh Penguins - Nashville Predators,,True
1195,1195,Hockey,2023-03-30,Seattle Kraken - Anaheim Ducks,,True
1196,1196,Hockey,2023-03-30,San Jose Sharks - Vegas Golden Knights,,True
1197,1197,Hockey,2023-03-30,Tampa Bay Lightning - Washington Capitals,,True
1198,1198,Hockey,2023-03-31,Arizona Coyotes - Dallas Stars,,True
1199,1199,Hockey,2023-03-31,Buffalo Sabres - New York Rangers,,True
1200,1200,Hockey,2023-03-31,Vancouver Canucks - Calgary Flames,,True
1201,1201,Hockey,2023-03-31,Winnipeg Jets - Detroit Red Wings,,True
1202,1202,Hockey,2023-04-01,Arizona Coyotes - San Jose Sharks,,True
1203,1203,Hockey,2023-04-01,Columbus Blue Jackets - Florida Panthers,,True
1204,1204,Hockey,2023-04-01,Chicago Blackhawks - New Jersey Devils,,True
1205,1205,Hockey,2023-04-01,Colorado Avalanche - Dallas Stars,,True
1206,1206,Hockey,2023-04-01,Edmonton Oilers - Anaheim Ducks,,True
1207,1207,Hockey,2023-04-01,Montreal Canadiens - Carolina Hurricanes,,True
1208,1208,Hockey,2023-04-01,Nashville Predators - St. Louis Blues,,True
1209,1209,Hockey,2023-04-01,Ottawa Senators - Toronto Maple Leafs,,True
1210,1210,Hockey,2023-04-01,Philadelphia Flyers - Buffalo Sabres,,True
1211,1211,Hockey,2023-04-01,Pittsburgh Penguins - Boston Bruins,,True
1212,1212,Hockey,2023-04-01,Seattle Kraken - Los Angeles Kings,,True
1213,1213,Hockey,2023-04-01,Tampa Bay Lightning - New York Islanders,,True
1214,1214,Hockey,2023-04-01,Vegas Golden Knights - Minnesota Wild,,True
1215,1215,Hockey,2023-04-02,Carolina Hurricanes - New York Islanders,,True
1216,1216,Hockey,2023-04-02,Columbus Blue Jackets - Ottawa Senators,,True
1217,1217,Hockey,2023-04-02,Calgary Flames - Anaheim Ducks,,True
1218,1218,Hockey,2023-04-02,Pittsburgh Penguins - Philadelphia Flyers,,True
1219,1219,Hockey,2023-04-02,St. Louis Blues - Boston Bruins,,True
1220,1220,Hockey,2023-04-02,Toronto Maple Leafs - Detroit Red Wings,,True
1221,1221,Hockey,2023-04-02,Vancouver Canucks - Los Angeles Kings,,True
1222,1222,Hockey,2023-04-02,Winnipeg Jets - New Jersey Devils,,True
1223,1223,Hockey,2023-04-02,Washington Capitals - New York Rangers,,True
1224,1224,Hockey,2023-04-03,Dallas Stars - Nashville Predators,,True
1225,1225,Hockey,2023-04-03,Minnesota Wild - Vegas Golden Knights,,True
1226,1226,Hockey,2023-04-03,Seattle Kraken - Arizona Coyotes,,True
1227,1227,Hockey,2023-04-04,Carolina Hurricanes - Ottawa Senators,,True
1228,1228,Hockey,2023-04-04,Calgary Flames - Chicago Blackhawks,,True
1229,1229,Hockey,2023-04-04,Florida Panthers - Buffalo Sabres,,True
1230,1230,Hockey,2023-04-04,Los Angeles Kings - Edmonton Oilers,,True
1231,1231,Hockey,2023-04-04,Montreal Canadiens - Detroit Red Wings,,True
1232,1232,Hockey,2023-04-04,New Jersey Devils - Pittsburgh Penguins,,True
1233,1233,Hockey,2023-04-04,Nashville Predators - Vegas Golden Knights,,True
1234,1234,Hockey,2023-04-04,San Jose Sharks - Colorado Avalanche,,True
1235,1235,Hockey,2023-04-04,St. Louis Blues - Philadelphia Flyers,,True
1236,1236,Hockey,2023-04-04,Toronto Maple Leafs - Columbus Blue Jackets,,True
1237,1237,Hockey,2023-04-04,Vancouver Canucks - Seattle Kraken,,True
1238,1238,Hockey,2023-04-05,Anaheim Ducks - Edmonton Oilers,,True
1239,1239,Hockey,2023-04-05,New York Rangers - Tampa Bay Lightning,,True
1240,1240,Hockey,2023-04-05,Winnipeg Jets - Calgary Flames,,True
1241,1241,Hockey,2023-04-06,Boston Bruins - Toronto Maple Leafs,,True
1242,1242,Hockey,2023-04-06,Dallas Stars - Philadelphia Flyers,,True
1243,1243,Hockey,2023-04-06,Detroit Red Wings - Buffalo Sabres,,True
1244,1244,Hockey,2023-04-06,Florida Panthers - Ottawa Senators,,True
1245,1245,Hockey,2023-04-06,Montreal Canadiens - Washington Capitals,,True
1246,1246,Hockey,2023-04-06,New Jersey Devils - Columbus Blue Jackets,,True
1247,1247,Hockey,2023-04-06,Nashville Predators - Carolina Hurricanes,,True
1248,1248,Hockey,2023-04-06,New York Islanders - Tampa Bay Lightning,,True
1249,1249,Hockey,2023-04-06,Pittsburgh Penguins - Minnesota Wild,,True
1250,1250,Hockey,2023-04-06,Seattle Kraken - Arizona Coyotes,,True
1251,1251,Hockey,2023-04-06,San Jose Sharks - Colorado Avalanche,,True
1252,1252,Hockey,2023-04-06,St. Louis Blues - New York Rangers,,True
1253,1253,Hockey,2023-04-06,Vancouver Canucks - Chicago Blackhawks,,True
1254,1254,Hockey,2023-04-06,Vegas Golden Knights - Los Angeles Kings,,True
1255,1255,Hockey,2023-04-08,Arizona Coyotes - Anaheim Ducks,,True
1256,1256,Hockey,2023-04-08,Boston Bruins - New Jersey Devils,,True
1257,1257,Hockey,2023-04-08,Buffalo Sabres - Carolina Hurricanes,,True
1258,1258,Hockey,2023-04-08,Columbus Blue Jackets - New York Rangers,,True
1259,1259,Hockey,2023-04-08,Dallas Stars - Vegas Golden Knights,,True
1260,1260,Hockey,2023-04-08,Detroit Red Wings - Pittsburgh Penguins,,True
1261,1261,Hockey,2023-04-08,Los Angeles Kings - Colorado Avalanche,,True
1262,1262,Hockey,2023-04-08,Minnesota Wild - St. Louis Blues,,True
1263,1263,Hockey,2023-04-08,New York Islanders - Philadelphia Flyers,,True
1264,1264,Hockey,2023-04-08,Ottawa Senators - Tampa Bay Lightning,,True
1265,1265,Hockey,2023-04-08,Seattle Kraken - Chicago Blackhawks,,True
1266,1266,Hockey,2023-04-08,San Jose Sharks - Edmonton Oilers,,True
1267,1267,Hockey,2023-04-08,Toronto Maple Leafs - Montreal Canadiens,,True
1268,1268,Hockey,2023-04-08,Vancouver Canucks - Calgary Flames,,True
1269,1269,Hockey,2023-04-08,Winnipeg Jets - Nashville Predators,,True
1270,1270,Hockey,2023-04-08,Washington Capitals - Florida Panthers,,True
