Wk,Day,Date,Time,Home,xG,Score,xG,Away,Attendance,Venue,Referee,Match Report,Notes
1,Fri,2022-08-05,21:00 (20:00),Lyon,1.3,2–1,1.5,Ajaccio,48516,Matmut Stadium de Gerland,Benoît Bastien,Match Report,
1,Sat,2022-08-06,17:00 (16:00),Strasbourg,0.8,1–2,2.8,Monaco,25359,Stade de la Meinau,François Letexier,Match Report,
1,Sat,2022-08-06,21:00 (20:00),Clermont Foot,0.3,0–5,3.5,Paris S-G,12203,Stade Gabriel Montpied,Jeremy Stinat,Match Report,
1,Sun,2022-08-07,13:00 (12:00),Toulouse,0.9,1–1,1.2,Nice,20567,Stadium Municipal,Johan Hamel,Match Report,
1,Sun,2022-08-07,15:00 (14:00),Lens,2.5,3–2,1.2,Brest,37015,Stade Bollaert-Delelis,Thomas Léonard,Match Report,
1,Sun,2022-08-07,15:00 (14:00),Angers,1.5,0–0,1.5,Nantes,12000,Stade Raymond Kopa,Hakim Ben El Hadj Salem,Match Report,
1,Sun,2022-08-07,15:00 (14:00),Lille,2.4,4–1,0.6,Auxerre,32292,Decathlon Arena - Stade Pierre-Mauroy,Eric Wattellier,Match Report,
1,Sun,2022-08-07,15:00 (14:00),Montpellier,1.7,3–2,2.0,Troyes,12003,Stade Raoul-Barrière,Pierre Gaillouste,Match Report,
1,Sun,2022-08-07,17:05 (16:05),Rennes,1.8,0–1,1.1,Lorient,28177,Roazhon Park,Bastien Dechepy,Match Report,
1,Sun,2022-08-07,20:45 (19:45),Marseille,2.1,4–1,0.9,Reims,62738,Orange Vélodrome,Jérôme Brisard,Match Report,
,,,,,,,,,,,,,
2,Fri,2022-08-12,21:00 (20:00),Nantes,1.0,1–1,2.0,Lille,30689,Stade de la Beaujoire - Louis Fonteneau,Bastien Dechepy,Match Report,
2,Sat,2022-08-13,17:00 (16:00),Monaco,1.8,1–1,2.1,Rennes,8000,Stade Louis II.,Jérémie Pignard,Match Report,
2,Sat,2022-08-13,21:00 (20:00),Paris S-G,3.2,5–2,0.9,Montpellier,46000,Parc des Princes,Willy Delajod,Match Report,
2,Sun,2022-08-14,15:00 (14:00),Ajaccio,0.5,0–0,1.4,Lens,9070,Stade François Coty,Stéphanie Frappart,Match Report,
2,Sun,2022-08-14,15:00 (14:00),Reims,2.7,2–4,1.9,Clermont Foot,9456,Stade Auguste-Delaune,Johan Hamel,Match Report,
2,Sun,2022-08-14,15:00 (14:00),Auxerre,0.8,2–2,1.4,Angers,15577,Stade de l'Abbé Deschamps,Ruddy Buquet,Match Report,
2,Sun,2022-08-14,15:00 (14:00),Troyes,1.0,0–3,1.5,Toulouse,6000,Stade de l'Aube,Marc Bollengier,Match Report,
2,Sun,2022-08-14,17:05 (16:05),Nice,1.6,1–1,0.9,Strasbourg,24707,Stade de Nice,Hakim Ben El Hadj Salem,Match Report,
2,Sun,2022-08-14,20:45 (19:45),Brest,2.0,1–1,0.7,Marseille,13709,Stade Francis-Le Blé,Jeremy Stinat,Match Report,
,,,,,,,,,,,,,
3,Fri,2022-08-19,21:00 (20:00),Lyon,2.6,4–1,1.0,Troyes,43000,Matmut Stadium de Gerland,Eric Wattellier,Match Report,
3,Sat,2022-08-20,17:00 (16:00),Monaco,1.6,1–4,2.5,Lens,8700,Stade Louis II.,Willy Delajod,Match Report,
3,Sat,2022-08-20,21:00 (20:00),Marseille,1.1,2–1,2.2,Nantes,63147,Orange Vélodrome,Jérémie Pignard,Match Report,
3,Sun,2022-08-21,13:00 (12:00),Strasbourg,1.2,1–1,2.0,Reims,25175,Stade de la Meinau,Ruddy Buquet,Match Report,
3,Sun,2022-08-21,15:00 (14:00),Montpellier,1.0,1–2,1.3,Auxerre,13137,Stade de la Mosson,Mathieu Vernice,Match Report,
3,Sun,2022-08-21,15:00 (14:00),Clermont Foot,0.7,1–0,1.4,Nice,11500,Stade Gabriel Montpied,Thomas Léonard,Match Report,
3,Sun,2022-08-21,15:00 (14:00),Angers,0.6,1–3,1.8,Brest,8735,Stade Raymond Kopa,Jérôme Brisard,Match Report,
3,Sun,2022-08-21,15:00 (14:00),Toulouse,1.8,2–2,2.5,Lorient,23862,Stadium Municipal,Gustavo Correia,Match Report,
3,Sun,2022-08-21,17:05 (16:05),Rennes,1.2,2–1,1.4,Ajaccio,27592,Roazhon Park,Hakim Ben El Hadj Salem,Match Report,
3,Sun,2022-08-21,20:45 (19:45),Lille,1.7,1–7,3.4,Paris S-G,47526,Decathlon Arena - Stade Pierre-Mauroy,Clément Turpin,Match Report,
,,,,,,,,,,,,,
4,Fri,2022-08-26,21:00 (20:00),Ajaccio,1.5,1–3,1.7,Lille,9070,Stade François Coty,Thomas Léonard,Match Report,
4,Sat,2022-08-27,17:00 (16:00),Auxerre,0.7,1–0,1.3,Strasbourg,16059,Stade de l'Abbé Deschamps,Johan Hamel,Match Report,
4,Sat,2022-08-27,21:00 (20:00),Lens,1.3,2–1,1.0,Rennes,37848,Stade Bollaert-Delelis,Jérôme Brisard,Match Report,
4,Sun,2022-08-28,13:00 (12:00),Nantes,1.5,3–1,0.6,Toulouse,26574,Stade de la Beaujoire - Louis Fonteneau,Mathieu Vernice,Match Report,
4,Sun,2022-08-28,15:00 (14:00),Lorient,2.9,2–1,0.6,Clermont Foot,10591,Stade Yves Allainmat - Le Moustoir,Willy Delajod,Match Report,
4,Sun,2022-08-28,15:00 (14:00),Brest,0.2,0–7,2.5,Montpellier,11546,Stade Francis-Le Blé,Marc Bollengier,Match Report,
4,Sun,2022-08-28,15:00 (14:00),Nice,1.0,0–3,1.4,Marseille,31418,Stade de Nice,François Letexier,Match Report,
4,Sun,2022-08-28,15:00 (14:00),Troyes,1.9,3–1,0.7,Angers,6673,Stade de l'Aube,Stéphanie Frappart,Match Report,
4,Sun,2022-08-28,17:05 (16:05),Reims,0.4,1–1,1.1,Lyon,14930,Stade Auguste-Delaune,Jeremy Stinat,Match Report,
4,Sun,2022-08-28,20:45 (19:45),Paris S-G,2.7,1–1,1.2,Monaco,46000,Parc des Princes,Benoît Bastien,Match Report,
,,,,,,,,,,,,,
5,Wed,2022-08-31,19:00 (18:00),Strasbourg,0.4,1–1,1.2,Nantes,25162,Stade de la Meinau,Clément Turpin,Match Report,
5,Wed,2022-08-31,19:00 (18:00),Monaco,1.2,2–4,2.2,Troyes,4045,Stade Louis II.,Ruddy Buquet,Match Report,
5,Wed,2022-08-31,19:00 (18:00),Lyon,2.6,2–1,0.7,Auxerre,38609,Matmut Stadium de Gerland,Pierre Gaillouste,Match Report,
5,Wed,2022-08-31,19:00 (18:00),Angers,1.7,2–4,2.3,Reims,6500,Stade Raymond Kopa,Jérémie Pignard,Match Report,
5,Wed,2022-08-31,19:00 (18:00),Montpellier,1.7,2–0,1.2,Ajaccio,10051,Stade Raoul-Barrière,Bastien Dechepy,Match Report,
5,Wed,2022-08-31,21:00 (20:00),Toulouse,0.8,0–3,2.8,Paris S-G,31700,Stadium Municipal,Hakim Ben El Hadj Salem,Match Report,
5,Wed,2022-08-31,21:00 (20:00),Lille,0.9,1–2,1.6,Nice,30254,Decathlon Arena - Stade Pierre-Mauroy,Jeremy Stinat,Match Report,
5,Wed,2022-08-31,21:00 (20:00),Rennes,1.5,3–1,0.5,Brest,27392,Roazhon Park,Benoît Millot,Match Report,
5,Wed,2022-08-31,21:00 (20:00),Marseille,2.5,1–0,0.1,Clermont Foot,62763,Orange Vélodrome,Eric Wattellier,Match Report,
5,Wed,2022-08-31,21:00 (20:00),Lens,3.0,5–2,1.1,Lorient,37161,Stade Bollaert-Delelis,Benoît Bastien,Match Report,
,,,,,,,,,,,,,
6,Sat,2022-09-03,17:00 (16:00),Auxerre,0.6,0–2,1.6,Marseille,17025,Stade de l'Abbé Deschamps,Willy Delajod,Match Report,
6,Sat,2022-09-03,19:00 (18:00),Lyon,1.4,5–0,1.0,Angers,39586,Groupama Stadium,Thomas Léonard,Match Report,
6,Sat,2022-09-03,21:00 (20:00),Nantes,0.4,0–3,2.7,Paris S-G,34406,Stade de la Beaujoire - Louis Fonteneau,Pierre Gaillouste,Match Report,
6,Sun,2022-09-04,13:00 (12:00),Montpellier,0.5,1–3,1.6,Lille,12215,Stade de la Mosson,Jérôme Brisard,Match Report,
6,Sun,2022-09-04,15:00 (14:00),Clermont Foot,1.3,2–0,1.3,Toulouse,10085,Stade Gabriel Montpied,François Letexier,Match Report,
6,Sun,2022-09-04,15:00 (14:00),Reims,2.1,1–1,1.9,Lens,15761,Stade Auguste-Delaune,Eric Wattellier,Match Report,
6,Sun,2022-09-04,15:00 (14:00),Brest,0.8,1–1,2.4,Strasbourg,11003,Stade Francis-Le Blé,Bastien Dechepy,Match Report,
6,Sun,2022-09-04,15:00 (14:00),Ajaccio,0.5,0–1,0.8,Lorient,7000,Stade François Coty,Jeremy Stinat,Match Report,
6,Sun,2022-09-04,17:05 (16:05),Troyes,0.9,1–1,2.4,Rennes,8000,Stade de l'Aube,Mathieu Vernice,Match Report,
6,Sun,2022-09-04,20:45 (19:45),Nice,0.7,0–1,1.1,Monaco,24125,Stade de Nice,Benoît Millot,Match Report,
,,,,,,,,,,,,,
2,Wed,2022-09-07,19:00 (18:00),Lorient,1.0,3–1,2.2,Lyon,13685,Stade Yves Allainmat - Le Moustoir,Bastien Dechepy,Match Report,
,,,,,,,,,,,,,
7,Fri,2022-09-09,21:00 (20:00),Lens,1.4,1–0,0.7,Troyes,37344,Stade Bollaert-Delelis,Hakim Ben El Hadj Salem,Match Report,
7,Sat,2022-09-10,17:00 (16:00),Paris S-G,1.7,1–0,1.1,Brest,45000,Parc des Princes,Jérémie Pignard,Match Report,
7,Sat,2022-09-10,21:00 (20:00),Marseille,2.2,2–1,1.0,Lille,62985,Orange Vélodrome,Benoît Millot,Match Report,
7,Sun,2022-09-11,13:00 (12:00),Strasbourg,1.2,0–0,0.8,Clermont Foot,25089,Stade de la Meinau,Marc Bollengier,Match Report,
7,Sun,2022-09-11,15:00 (14:00),Angers,2.5,2–1,0.7,Montpellier,6165,Stade Raymond Kopa,François Letexier,Match Report,
7,Sun,2022-09-11,15:00 (14:00),Lorient,1.3,3–2,0.5,Nantes,15081,Stade Yves Allainmat - Le Moustoir,Johan Hamel,Match Report,
7,Sun,2022-09-11,15:00 (14:00),Toulouse,1.3,1–0,1.0,Reims,21315,Stadium Municipal,Stéphanie Frappart,Match Report,
7,Sun,2022-09-11,15:00 (14:00),Ajaccio,1.2,0–1,1.2,Nice,7068,Stade François Coty,Eric Wattellier,Match Report,
7,Sun,2022-09-11,17:05 (16:05),Rennes,1.6,5–0,0.7,Auxerre,27837,Roazhon Park,Thomas Léonard,Match Report,
7,Sun,2022-09-11,20:45 (19:45),Monaco,1.7,2–1,2.0,Lyon,7000,Stade Louis II.,Clément Turpin,Match Report,
,,,,,,,,,,,,,
8,Fri,2022-09-16,21:00 (20:00),Auxerre,2.0,1–3,2.5,Lorient,14866,Stade de l'Abbé Deschamps,Ruddy Buquet,Match Report,
8,Sat,2022-09-17,17:00 (16:00),Montpellier,1.8,2–1,0.6,Strasbourg,10780,Stade de la Mosson,Jeremy Stinat,Match Report,
8,Sat,2022-09-17,21:00 (20:00),Lille,1.0,2–1,0.8,Toulouse,33635,Decathlon Arena - Stade Pierre-Mauroy,Pierre Gaillouste,Match Report,
8,Sun,2022-09-18,13:00 (12:00),Reims,0.6,0–3,1.7,Monaco,10000,Stade Auguste-Delaune,Marc Bollengier,Match Report,
8,Sun,2022-09-18,15:00 (14:00),Brest,0.5,0–1,0.5,Ajaccio,11153,Stade Francis-Le Blé,Stéphanie Frappart,Match Report,
8,Sun,2022-09-18,15:00 (14:00),Clermont Foot,1.0,1–3,1.5,Troyes,10753,Stade Gabriel Montpied,Jérôme Brisard,Match Report,
8,Sun,2022-09-18,15:00 (14:00),Nice,1.3,0–1,1.5,Angers,18545,Stade de Nice,Bastien Dechepy,Match Report,
8,Sun,2022-09-18,15:00 (14:00),Marseille,1.6,1–1,1.2,Rennes,62753,Orange Vélodrome,Benoît Bastien,Match Report,
8,Sun,2022-09-18,17:05 (16:05),Nantes,0.9,0–0,0.9,Lens,28854,Stade de la Beaujoire - Louis Fonteneau,Willy Delajod,Match Report,
8,Sun,2022-09-18,20:45 (19:45),Lyon,1.0,0–1,1.6,Paris S-G,58230,Groupama Stadium,François Letexier,Match Report,
,,,,,,,,,,,,,
9,Fri,2022-09-30,21:00 (20:00),Angers,1.2,0–3,1.6,Marseille,19000,Stade Raymond Kopa,Johan Hamel,Match Report,
9,Sat,2022-10-01,17:00 (16:00),Strasbourg,1.3,1–3,3.2,Rennes,25226,Stade de la Meinau,Eric Wattellier,Match Report,
9,Sat,2022-10-01,21:00 (20:00),Paris S-G,1.0,2–1,0.5,Nice,47000,Parc des Princes,Jérôme Brisard,Match Report,
9,Sun,2022-10-02,13:00 (12:00),Lorient,0.6,2–1,2.2,Lille,14916,Stade Yves Allainmat - Le Moustoir,Hakim Ben El Hadj Salem,Match Report,
9,Sun,2022-10-02,15:00 (14:00),Auxerre,1.4,1–1,0.6,Brest,14630,Stade de l'Abbé Deschamps,Florent Batta,Match Report,
9,Sun,2022-10-02,15:00 (14:00),Troyes,1.6,2–2,1.0,Reims,10164,Stade de l'Aube,Benoît Millot,Match Report,
9,Sun,2022-10-02,15:00 (14:00),Toulouse,1.7,4–2,1.2,Montpellier,21820,Stadium Municipal,Jérémie Pignard,Match Report,
9,Sun,2022-10-02,15:00 (14:00),Ajaccio,1.5,1–3,1.0,Clermont Foot,6610,Stade François Coty,Clément Turpin,Match Report,
9,Sun,2022-10-02,17:05 (16:05),Monaco,2.1,4–1,0.5,Nantes,5202,Stade Louis II.,Thomas Léonard,Match Report,
9,Sun,2022-10-02,20:45 (19:45),Lens,2.9,1–0,0.1,Lyon,36674,Stade Bollaert-Delelis,Benoît Bastien,Match Report,
,,,,,,,,,,,,,
10,Fri,2022-10-07,21:00 (20:00),Lyon,1.4,1–1,0.5,Toulouse,41295,Groupama Stadium,Ruddy Buquet,Match Report,
10,Sat,2022-10-08,17:00 (16:00),Marseille,1.7,1–2,0.2,Ajaccio,63312,Orange Vélodrome,Willy Delajod,Match Report,
10,Sat,2022-10-08,21:00 (20:00),Reims,1.8,0–0,1.2,Paris S-G,20543,Stade Auguste-Delaune,Pierre Gaillouste,Match Report,
10,Sun,2022-10-09,13:00 (12:00),Montpellier,0.7,0–2,1.2,Monaco,13048,Stade Raoul-Barrière,Benoît Millot,Match Report,
10,Sun,2022-10-09,15:00 (14:00),Brest,0.9,1–2,1.1,Lorient,9819,Stade Francis-Le Blé,Bastien Dechepy,Match Report,
10,Sun,2022-10-09,15:00 (14:00),Angers,2.1,2–3,2.0,Strasbourg,8000,Stade Raymond Kopa,Clément Turpin,Match Report,
10,Sun,2022-10-09,15:00 (14:00),Clermont Foot,1.1,2–1,1.0,Auxerre,11119,Stade Gabriel Montpied,Mathieu Vernice,Match Report,
10,Sun,2022-10-09,15:00 (14:00),Nice,2.6,3–2,1.5,Troyes,18053,Stade Municipal du Ray,Johan Hamel,Match Report,
10,Sun,2022-10-09,17:05 (16:05),Rennes,1.8,3–0,0.5,Nantes,27844,Roazhon Park,Florent Batta,Match Report,
10,Sun,2022-10-09,20:45 (19:45),Lille,2.6,1–0,1.2,Lens,48527,Decathlon Arena - Stade Pierre-Mauroy,François Letexier,Match Report,
,,,,,,,,,,,,,
11,Fri,2022-10-14,21:00 (20:00),Strasbourg,0.6,0–3,2.3,Lille,25313,Stade de la Meinau,Jérémie Pignard,Match Report,
11,Sat,2022-10-15,17:00 (16:00),Lorient,0.8,0–0,0.6,Reims,15776,Stade Yves Allainmat - Le Moustoir,Mathieu Vernice,Match Report,
11,Sat,2022-10-15,21:00 (20:00),Lens,1.8,1–0,0.7,Montpellier,37320,Stade Bollaert-Delelis,Hakim Ben El Hadj Salem,Match Report,
11,Sun,2022-10-16,13:00 (12:00),Toulouse,2.4,3–2,1.2,Angers,21141,Stadium Municipal,Benoît Bastien,Match Report,
11,Sun,2022-10-16,15:00 (14:00),Rennes,1.6,3–2,1.1,Lyon,28152,Roazhon Park,Stéphanie Frappart,Match Report,
11,Sun,2022-10-16,15:00 (14:00),Troyes,0.6,1–1,2.4,Ajaccio,7731,Stade de l'Aube,Jérôme Brisard,Match Report,
11,Sun,2022-10-16,15:00 (14:00),Auxerre,0.8,1–1,1.6,Nice,14125,Stade de l'Abbé Deschamps,Eric Wattellier,Match Report,
11,Sun,2022-10-16,15:00 (14:00),Nantes,2.9,4–1,0.7,Brest,25759,Stade de la Beaujoire - Louis Fonteneau,Marc Bollengier,Match Report,
11,Sun,2022-10-16,17:05 (16:05),Monaco,1.1,1–1,1.9,Clermont Foot,4731,Stade Louis II.,Ruddy Buquet,Match Report,
11,Sun,2022-10-16,20:45 (19:45),Paris S-G,2.5,1–0,1.2,Marseille,47000,Parc des Princes,Clément Turpin,Match Report,
,,,,,,,,,,,,,
12,Fri,2022-10-21,21:00 (20:00),Ajaccio,0.3,0–3,2.5,Paris S-G,10000,Stade François Coty,Johan Hamel,Match Report,
12,Sat,2022-10-22,17:00 (16:00),Montpellier,1.1,1–2,2.7,Lyon,15339,Stade de la Mosson,Thomas Léonard,Match Report,
12,Sat,2022-10-22,21:00 (20:00),Marseille,1.8,0–1,0.9,Lens,56414,Orange Vélodrome,Benoît Millot,Match Report,
12,Sun,2022-10-23,13:00 (12:00),Angers,1.2,1–2,2.2,Rennes,11500,Stade Raymond Kopa,Pierre Gaillouste,Match Report,
12,Sun,2022-10-23,15:00 (14:00),Troyes,0.8,2–2,1.4,Lorient,10000,Stade de l'Aube,Marc Bollengier,Match Report,
12,Sun,2022-10-23,15:00 (14:00),Clermont Foot,1.0,1–3,3.0,Brest,7275,Stade Gabriel Montpied,Jérémie Pignard,Match Report,
12,Sun,2022-10-23,15:00 (14:00),Reims,2.4,2–1,0.7,Auxerre,11411,Stade Auguste-Delaune,Hakim Ben El Hadj Salem,Match Report,
12,Sun,2022-10-23,15:00 (14:00),Toulouse,2.2,2–2,1.8,Strasbourg,21622,Stadium Municipal,Jeremy Stinat,Match Report,
12,Sun,2022-10-23,17:05 (16:05),Nice,1.4,1–1,1.0,Nantes,20166,Stade de Nice,François Letexier,Match Report,
12,Sun,2022-10-23,20:45 (19:45),Lille,2.5,4–3,1.1,Monaco,35362,Decathlon Arena - Stade Pierre-Mauroy,Willy Delajod,Match Report,
,,,,,,,,,,,,,
13,Fri,2022-10-28,21:00 (20:00),Lens,2.4,3–0,0.7,Toulouse,37488,Stade Bollaert-Delelis,Florent Batta,Match Report,
13,Sat,2022-10-29,17:00 (16:00),Paris S-G,2.9,4–3,2.0,Troyes,47000,Parc des Princes,Eric Wattellier,Match Report,
13,Sat,2022-10-29,21:00 (20:00),Strasbourg,1.1,2–2,2.0,Marseille,25687,Stade de la Meinau,Ruddy Buquet,Match Report,
13,Sun,2022-10-30,13:00 (12:00),Auxerre,1.5,1–0,0.4,Ajaccio,15092,Stade de l'Abbé Deschamps,Benoît Millot,Match Report,
13,Sun,2022-10-30,15:00 (14:00),Rennes,1.2,3–0,0.9,Montpellier,26617,Roazhon Park,Bastien Dechepy,Match Report,
13,Sun,2022-10-30,15:00 (14:00),Monaco,1.8,2–0,0.6,Angers,7069,Stade Louis II.,Stéphanie Frappart,Match Report,
13,Sun,2022-10-30,15:00 (14:00),Brest,1.5,0–0,1.0,Reims,11008,Stade Francis-Le Blé,Willy Delajod,Match Report,
13,Sun,2022-10-30,15:00 (14:00),Nantes,1.7,1–1,0.7,Clermont Foot,30894,Stade de la Beaujoire - Louis Fonteneau,Benoît Bastien,Match Report,
13,Sun,2022-10-30,17:05 (16:05),Lorient,1.8,1–2,1.8,Nice,16034,Stade Yves Allainmat - Le Moustoir,Clément Turpin,Match Report,
13,Sun,2022-10-30,20:45 (19:45),Lyon,1.6,1–0,1.5,Lille,55790,Matmut Stadium de Gerland,Jérôme Brisard,Match Report,
,,,,,,,,,,,,,
14,Fri,2022-11-04,21:00 (20:00),Troyes,1.9,1–1,1.4,Auxerre,12689,Stade de l'Aube,Pierre Gaillouste,Match Report,
14,Sat,2022-11-05,17:00 (16:00),Ajaccio,3.7,4–2,0.9,Strasbourg,7203,Stade François Coty,Mathieu Vernice,Match Report,
14,Sat,2022-11-05,21:00 (20:00),Angers,0.5,1–2,1.8,Lens,11585,Stade Raymond Kopa,Thomas Léonard,Match Report,
14,Sun,2022-11-06,13:00 (12:00),Lorient,0.8,1–2,1.6,Paris S-G,16778,Stade Yves Allainmat - Le Moustoir,Benoît Bastien,Match Report,
14,Sun,2022-11-06,15:00 (14:00),Toulouse,0.7,0–2,2.4,Monaco,23005,Stadium Municipal,Benoît Millot,Match Report,
14,Sun,2022-11-06,15:00 (14:00),Reims,2.8,1–0,0.7,Nantes,11477,Stade Auguste-Delaune,Ruddy Buquet,Match Report,
14,Sun,2022-11-06,15:00 (14:00),Nice,1.1,1–0,1.1,Brest,19035,Stade Municipal du Ray,Jeremy Stinat,Match Report,
14,Sun,2022-11-06,15:00 (14:00),Clermont Foot,3.4,1–1,1.2,Montpellier,10990,Stade Gabriel Montpied,Marc Bollengier,Match Report,
14,Sun,2022-11-06,17:05 (16:05),Lille,2.4,1–1,0.9,Rennes,35539,Stadium Nord Lille Métropole,Johan Hamel,Match Report,
14,Sun,2022-11-06,20:45 (19:45),Marseille,0.8,1–0,0.9,Lyon,62975,Orange Vélodrome,François Letexier,Match Report,
,,,,,,,,,,,,,
15,Fri,2022-11-11,21:00 (20:00),Lyon,1.3,1–1,1.6,Nice,57000,Groupama Stadium,Eric Wattellier,Match Report,
15,Sat,2022-11-12,17:00 (16:00),Lens,1.5,2–1,0.2,Clermont Foot,37519,Stade Bollaert-Delelis,Hakim Ben El Hadj Salem,Match Report,
15,Sat,2022-11-12,21:00 (20:00),Rennes,2.1,2–1,1.0,Toulouse,26835,Roazhon Park,Willy Delajod,Match Report,
15,Sun,2022-11-13,13:00 (12:00),Paris S-G,2.0,5–0,0.7,Auxerre,45000,Parc des Princes,Thomas Léonard,Match Report,
15,Sun,2022-11-13,15:00 (14:00),Lille,0.6,1–0,0.6,Angers,36360,Decathlon Arena - Stade Pierre-Mauroy,Miguel Nogueira,Match Report,
15,Sun,2022-11-13,15:00 (14:00),Montpellier,1.7,1–1,2.1,Reims,11778,Stade de la Mosson,Florent Batta,Match Report,
15,Sun,2022-11-13,15:00 (14:00),Brest,2.4,2–1,1.0,Troyes,10642,Stade Francis-Le Blé,Ruddy Buquet,Match Report,
15,Sun,2022-11-13,15:00 (14:00),Nantes,1.1,2–2,2.5,Ajaccio,29407,Stade de la Beaujoire - Louis Fonteneau,Jérémie Pignard,Match Report,
15,Sun,2022-11-13,17:05 (16:05),Strasbourg,2.3,1–1,0.5,Lorient,25117,Stade de la Meinau,Pierre Gaillouste,Match Report,
15,Sun,2022-11-13,20:45 (19:45),Monaco,2.0,2–3,1.9,Marseille,10631,Stade Louis II.,Benoît Bastien,Match Report,
,,,,,,,,,,,,,
16,Wed,2022-12-28,15:00 (14:00),Ajaccio,,,,Angers,,Stade François Coty,,Head-to-Head,
16,Wed,2022-12-28,15:00 (14:00),Troyes,,,,Nantes,,Stade de l'Aube,,Head-to-Head,
16,Wed,2022-12-28,17:00 (16:00),Auxerre,,,,Monaco,,Stade de l'Abbé Deschamps,,Head-to-Head,
16,Wed,2022-12-28,19:00 (18:00),Clermont Foot,,,,Lille,,Stade Gabriel Montpied,,Head-to-Head,
16,Wed,2022-12-28,21:00 (20:00),Brest,,,,Lyon,,Stade Francis-Le Blé,,Head-to-Head,
16,Wed,2022-12-28,21:00 (20:00),Paris S-G,,,,Strasbourg,,Parc des Princes,,Head-to-Head,
16,Thu,2022-12-29,17:00 (16:00),Lorient,,,,Montpellier,,Stade Yves Allainmat - Le Moustoir,,Head-to-Head,
16,Thu,2022-12-29,19:00 (18:00),Reims,,,,Rennes,,Stade Auguste-Delaune,,Head-to-Head,
16,Thu,2022-12-29,21:00 (20:00),Marseille,,,,Toulouse,,Orange Vélodrome,,Head-to-Head,
16,Thu,2022-12-29,21:00 (20:00),Nice,,,,Lens,,Stade de Nice,,Head-to-Head,
,,,,,,,,,,,,,
17,Sun,2023-01-01,15:00 (14:00),Toulouse,,,,Ajaccio,,Stadium Municipal,,Head-to-Head,
17,Sun,2023-01-01,15:00 (14:00),Monaco,,,,Brest,,Stade Louis II.,,Head-to-Head,
17,Sun,2023-01-01,15:00 (14:00),Angers,,,,Lorient,,Stade Raymond Kopa,,Head-to-Head,
17,Sun,2023-01-01,15:00 (14:00),Nantes,,,,Auxerre,,Stade de la Beaujoire - Louis Fonteneau,,Head-to-Head,
17,Sun,2023-01-01,17:00 (16:00),Lyon,,,,Clermont Foot,,Groupama Stadium,,Head-to-Head,
17,Sun,2023-01-01,20:45 (19:45),Lens,,,,Paris S-G,,Stade Bollaert-Delelis,,Head-to-Head,
17,Mon,2023-01-02,15:00 (14:00),Strasbourg,,,,Troyes,,Stade de la Meinau,,Head-to-Head,
17,Mon,2023-01-02,17:00 (16:00),Lille,,,,Reims,,Decathlon Arena - Stade Pierre-Mauroy,,Head-to-Head,
17,Mon,2023-01-02,19:00 (18:00),Montpellier,,,,Marseille,,Stade de la Mosson,,Head-to-Head,
17,Mon,2023-01-02,21:00 (20:00),Rennes,,,,Nice,,Roazhon Park,,Head-to-Head,
,,,,,,,,,,,,,
18,Wed,2023-01-11,,Troyes,,,,Marseille,,,,Head-to-Head,
18,Wed,2023-01-11,,Nice,,,,Montpellier,,,,Head-to-Head,
18,Wed,2023-01-11,,Clermont Foot,,,,Rennes,,,,Head-to-Head,
18,Wed,2023-01-11,,Ajaccio,,,,Reims,,,,Head-to-Head,
18,Wed,2023-01-11,,Auxerre,,,,Toulouse,,,,Head-to-Head,
18,Wed,2023-01-11,,Paris S-G,,,,Angers,,,,Head-to-Head,
18,Wed,2023-01-11,,Brest,,,,Lille,,,,Head-to-Head,
18,Wed,2023-01-11,,Lorient,,,,Monaco,,,,Head-to-Head,
18,Wed,2023-01-11,,Nantes,,,,Lyon,,,,Head-to-Head,
18,Wed,2023-01-11,,Strasbourg,,,,Lens,,,,Head-to-Head,
,,,,,,,,,,,,,
19,Sun,2023-01-15,,Toulouse,,,,Brest,,,,Head-to-Head,
19,Sun,2023-01-15,,Lille,,,,Troyes,,,,Head-to-Head,
19,Sun,2023-01-15,,Montpellier,,,,Nantes,,,,Head-to-Head,
19,Sun,2023-01-15,,Lyon,,,,Strasbourg,,,,Head-to-Head,
19,Sun,2023-01-15,,Monaco,,,,Ajaccio,,,,Head-to-Head,
19,Sun,2023-01-15,,Lens,,,,Auxerre,,,,Head-to-Head,
19,Sun,2023-01-15,,Rennes,,,,Paris S-G,,,,Head-to-Head,
19,Sun,2023-01-15,,Reims,,,,Nice,,,,Head-to-Head,
19,Sun,2023-01-15,,Angers,,,,Clermont Foot,,,,Head-to-Head,
19,Sun,2023-01-15,,Marseille,,,,Lorient,,,,Head-to-Head,
,,,,,,,,,,,,,
20,Sun,2023-01-29,,Marseille,,,,Monaco,,,,Head-to-Head,
20,Sun,2023-01-29,,Ajaccio,,,,Lyon,,,,Head-to-Head,
20,Sun,2023-01-29,,Clermont Foot,,,,Nantes,,,,Head-to-Head,
20,Sun,2023-01-29,,Brest,,,,Angers,,,,Head-to-Head,
20,Sun,2023-01-29,,Auxerre,,,,Montpellier,,,,Head-to-Head,
20,Sun,2023-01-29,,Strasbourg,,,,Toulouse,,,,Head-to-Head,
20,Sun,2023-01-29,,Paris S-G,,,,Reims,,,,Head-to-Head,
20,Sun,2023-01-29,,Lorient,,,,Rennes,,,,Head-to-Head,
20,Sun,2023-01-29,,Nice,,,,Lille,,,,Head-to-Head,
20,Sun,2023-01-29,,Troyes,,,,Lens,,,,Head-to-Head,
,,,,,,,,,,,,,
21,Wed,2023-02-01,,Lyon,,,,Brest,,,,Head-to-Head,
21,Wed,2023-02-01,,Lille,,,,Clermont Foot,,,,Head-to-Head,
21,Wed,2023-02-01,,Nantes,,,,Marseille,,,,Head-to-Head,
21,Wed,2023-02-01,,Toulouse,,,,Troyes,,,,Head-to-Head,
21,Wed,2023-02-01,,Angers,,,,Ajaccio,,,,Head-to-Head,
21,Wed,2023-02-01,,Monaco,,,,Auxerre,,,,Head-to-Head,
21,Wed,2023-02-01,,Montpellier,,,,Paris S-G,,,,Head-to-Head,
21,Wed,2023-02-01,,Lens,,,,Nice,,,,Head-to-Head,
21,Wed,2023-02-01,,Rennes,,,,Strasbourg,,,,Head-to-Head,
21,Wed,2023-02-01,,Reims,,,,Lorient,,,,Head-to-Head,
,,,,,,,,,,,,,
22,Sun,2023-02-05,,Strasbourg,,,,Montpellier,,,,Head-to-Head,
22,Sun,2023-02-05,,Ajaccio,,,,Nantes,,,,Head-to-Head,
22,Sun,2023-02-05,,Paris S-G,,,,Toulouse,,,,Head-to-Head,
22,Sun,2023-02-05,,Auxerre,,,,Reims,,,,Head-to-Head,
22,Sun,2023-02-05,,Clermont Foot,,,,Monaco,,,,Head-to-Head,
22,Sun,2023-02-05,,Lorient,,,,Angers,,,,Head-to-Head,
22,Sun,2023-02-05,,Troyes,,,,Lyon,,,,Head-to-Head,
22,Sun,2023-02-05,,Brest,,,,Lens,,,,Head-to-Head,
22,Sun,2023-02-05,,Rennes,,,,Lille,,,,Head-to-Head,
22,Sun,2023-02-05,,Marseille,,,,Nice,,,,Head-to-Head,
,,,,,,,,,,,,,
23,Sun,2023-02-12,,Angers,,,,Auxerre,,,,Head-to-Head,
23,Sun,2023-02-12,,Nice,,,,Ajaccio,,,,Head-to-Head,
23,Sun,2023-02-12,,Lille,,,,Strasbourg,,,,Head-to-Head,
23,Sun,2023-02-12,,Toulouse,,,,Rennes,,,,Head-to-Head,
23,Sun,2023-02-12,,Clermont Foot,,,,Marseille,,,,Head-to-Head,
23,Sun,2023-02-12,,Monaco,,,,Paris S-G,,,,Head-to-Head,
23,Sun,2023-02-12,,Montpellier,,,,Brest,,,,Head-to-Head,
23,Sun,2023-02-12,,Reims,,,,Troyes,,,,Head-to-Head,
23,Sun,2023-02-12,,Lyon,,,,Lens,,,,Head-to-Head,
23,Sun,2023-02-12,,Nantes,,,,Lorient,,,,Head-to-Head,
,,,,,,,,,,,,,
24,Sun,2023-02-19,,Paris S-G,,,,Lille,,,,Head-to-Head,
24,Sun,2023-02-19,,Lens,,,,Nantes,,,,Head-to-Head,
24,Sun,2023-02-19,,Troyes,,,,Montpellier,,,,Head-to-Head,
24,Sun,2023-02-19,,Strasbourg,,,,Angers,,,,Head-to-Head,
24,Sun,2023-02-19,,Lorient,,,,Ajaccio,,,,Head-to-Head,
24,Sun,2023-02-19,,Toulouse,,,,Marseille,,,,Head-to-Head,
24,Sun,2023-02-19,,Auxerre,,,,Lyon,,,,Head-to-Head,
24,Sun,2023-02-19,,Brest,,,,Monaco,,,,Head-to-Head,
24,Sun,2023-02-19,,Rennes,,,,Clermont Foot,,,,Head-to-Head,
24,Sun,2023-02-19,,Nice,,,,Reims,,,,Head-to-Head,
,,,,,,,,,,,,,
25,Sun,2023-02-26,,Clermont Foot,,,,Strasbourg,,,,Head-to-Head,
25,Sun,2023-02-26,,Lille,,,,Brest,,,,Head-to-Head,
25,Sun,2023-02-26,,Ajaccio,,,,Troyes,,,,Head-to-Head,
25,Sun,2023-02-26,,Reims,,,,Toulouse,,,,Head-to-Head,
25,Sun,2023-02-26,,Montpellier,,,,Lens,,,,Head-to-Head,
25,Sun,2023-02-26,,Monaco,,,,Nice,,,,Head-to-Head,
25,Sun,2023-02-26,,Angers,,,,Lyon,,,,Head-to-Head,
25,Sun,2023-02-26,,Lorient,,,,Auxerre,,,,Head-to-Head,
25,Sun,2023-02-26,,Nantes,,,,Rennes,,,,Head-to-Head,
25,Sun,2023-02-26,,Marseille,,,,Paris S-G,,,,Head-to-Head,
,,,,,,,,,,,,,
26,Sun,2023-03-05,,Montpellier,,,,Angers,,,,Head-to-Head,
26,Sun,2023-03-05,,Lyon,,,,Lorient,,,,Head-to-Head,
26,Sun,2023-03-05,,Paris S-G,,,,Nantes,,,,Head-to-Head,
26,Sun,2023-03-05,,Toulouse,,,,Clermont Foot,,,,Head-to-Head,
26,Sun,2023-03-05,,Lens,,,,Lille,,,,Head-to-Head,
26,Sun,2023-03-05,,Rennes,,,,Marseille,,,,Head-to-Head,
26,Sun,2023-03-05,,Strasbourg,,,,Brest,,,,Head-to-Head,
26,Sun,2023-03-05,,Nice,,,,Auxerre,,,,Head-to-Head,
26,Sun,2023-03-05,,Troyes,,,,Monaco,,,,Head-to-Head,
26,Sun,2023-03-05,,Reims,,,,Ajaccio,,,,Head-to-Head,
,,,,,,,,,,,,,
27,Sun,2023-03-12,,Lorient,,,,Troyes,,,,Head-to-Head,
27,Sun,2023-03-12,,Clermont Foot,,,,Lens,,,,Head-to-Head,
27,Sun,2023-03-12,,Lille,,,,Lyon,,,,Head-to-Head,
27,Sun,2023-03-12,,Ajaccio,,,,Montpellier,,,,Head-to-Head,
27,Sun,2023-03-12,,Marseille,,,,Strasbourg,,,,Head-to-Head,
27,Sun,2023-03-12,,Monaco,,,,Reims,,,,Head-to-Head,
27,Sun,2023-03-12,,Nantes,,,,Nice,,,,Head-to-Head,
27,Sun,2023-03-12,,Angers,,,,Toulouse,,,,Head-to-Head,
27,Sun,2023-03-12,,Brest,,,,Paris S-G,,,,Head-to-Head,
27,Sun,2023-03-12,,Auxerre,,,,Rennes,,,,Head-to-Head,
,,,,,,,,,,,,,
28,Sun,2023-03-19,,Reims,,,,Marseille,,,,Head-to-Head,
28,Sun,2023-03-19,,Toulouse,,,,Lille,,,,Head-to-Head,
28,Sun,2023-03-19,,Nice,,,,Lorient,,,,Head-to-Head,
28,Sun,2023-03-19,,Strasbourg,,,,Auxerre,,,,Head-to-Head,
28,Sun,2023-03-19,,Lens,,,,Angers,,,,Head-to-Head,
28,Sun,2023-03-19,,Ajaccio,,,,Monaco,,,,Head-to-Head,
28,Sun,2023-03-19,,Paris S-G,,,,Rennes,,,,Head-to-Head,
28,Sun,2023-03-19,,Troyes,,,,Brest,,,,Head-to-Head,
28,Sun,2023-03-19,,Lyon,,,,Nantes,,,,Head-to-Head,
28,Sun,2023-03-19,,Montpellier,,,,Clermont Foot,,,,Head-to-Head,
,,,,,,,,,,,,,
29,Sun,2023-04-02,,Marseille,,,,Montpellier,,,,Head-to-Head,
29,Sun,2023-04-02,,Rennes,,,,Lens,,,,Head-to-Head,
29,Sun,2023-04-02,,Brest,,,,Toulouse,,,,Head-to-Head,
29,Sun,2023-04-02,,Paris S-G,,,,Lyon,,,,Head-to-Head,
29,Sun,2023-04-02,,Angers,,,,Nice,,,,Head-to-Head,
29,Sun,2023-04-02,,Clermont Foot,,,,Ajaccio,,,,Head-to-Head,
29,Sun,2023-04-02,,Nantes,,,,Reims,,,,Head-to-Head,
29,Sun,2023-04-02,,Monaco,,,,Strasbourg,,,,Head-to-Head,
29,Sun,2023-04-02,,Lille,,,,Lorient,,,,Head-to-Head,
29,Sun,2023-04-02,,Auxerre,,,,Troyes,,,,Head-to-Head,
,,,,,,,,,,,,,
30,Sun,2023-04-09,,Nice,,,,Paris S-G,,,,Head-to-Head,
30,Sun,2023-04-09,,Montpellier,,,,Toulouse,,,,Head-to-Head,
30,Sun,2023-04-09,,Ajaccio,,,,Auxerre,,,,Head-to-Head,
30,Sun,2023-04-09,,Reims,,,,Brest,,,,Head-to-Head,
30,Sun,2023-04-09,,Angers,,,,Lille,,,,Head-to-Head,
30,Sun,2023-04-09,,Nantes,,,,Monaco,,,,Head-to-Head,
30,Sun,2023-04-09,,Lorient,,,,Marseille,,,,Head-to-Head,
30,Sun,2023-04-09,,Lens,,,,Strasbourg,,,,Head-to-Head,
30,Sun,2023-04-09,,Troyes,,,,Clermont Foot,,,,Head-to-Head,
30,Sun,2023-04-09,,Lyon,,,,Rennes,,,,Head-to-Head,
,,,,,,,,,,,,,
31,Sun,2023-04-16,,Paris S-G,,,,Lens,,,,Head-to-Head,
31,Sun,2023-04-16,,Auxerre,,,,Nantes,,,,Head-to-Head,
31,Sun,2023-04-16,,Rennes,,,,Reims,,,,Head-to-Head,
31,Sun,2023-04-16,,Marseille,,,,Troyes,,,,Head-to-Head,
31,Sun,2023-04-16,,Lille,,,,Montpellier,,,,Head-to-Head,
31,Sun,2023-04-16,,Strasbourg,,,,Ajaccio,,,,Head-to-Head,
31,Sun,2023-04-16,,Brest,,,,Nice,,,,Head-to-Head,
31,Sun,2023-04-16,,Clermont Foot,,,,Angers,,,,Head-to-Head,
31,Sun,2023-04-16,,Toulouse,,,,Lyon,,,,Head-to-Head,
31,Sun,2023-04-16,,Monaco,,,,Lorient,,,,Head-to-Head,
,,,,,,,,,,,,,
32,Sun,2023-04-23,,Lens,,,,Monaco,,,,Head-to-Head,
32,Sun,2023-04-23,,Nantes,,,,Troyes,,,,Head-to-Head,
32,Sun,2023-04-23,,Nice,,,,Clermont Foot,,,,Head-to-Head,
32,Sun,2023-04-23,,Auxerre,,,,Lille,,,,Head-to-Head,
32,Sun,2023-04-23,,Ajaccio,,,,Brest,,,,Head-to-Head,
32,Sun,2023-04-23,,Lyon,,,,Marseille,,,,Head-to-Head,
32,Sun,2023-04-23,,Lorient,,,,Toulouse,,,,Head-to-Head,
32,Sun,2023-04-23,,Reims,,,,Strasbourg,,,,Head-to-Head,
32,Sun,2023-04-23,,Angers,,,,Paris S-G,,,,Head-to-Head,
32,Sun,2023-04-23,,Montpellier,,,,Rennes,,,,Head-to-Head,
,,,,,,,,,,,,,
33,Sun,2023-04-30,,Brest,,,,Nantes,,,,Head-to-Head,
33,Sun,2023-04-30,,Lille,,,,Ajaccio,,,,Head-to-Head,
33,Sun,2023-04-30,,Troyes,,,,Nice,,,,Head-to-Head,
33,Sun,2023-04-30,,Clermont Foot,,,,Reims,,,,Head-to-Head,
33,Sun,2023-04-30,,Strasbourg,,,,Lyon,,,,Head-to-Head,
33,Sun,2023-04-30,,Rennes,,,,Angers,,,,Head-to-Head,
33,Sun,2023-04-30,,Monaco,,,,Montpellier,,,,Head-to-Head,
33,Sun,2023-04-30,,Toulouse,,,,Lens,,,,Head-to-Head,
33,Sun,2023-04-30,,Paris S-G,,,,Lorient,,,,Head-to-Head,
33,Sun,2023-04-30,,Marseille,,,,Auxerre,,,,Head-to-Head,
,,,,,,,,,,,,,
34,Sun,2023-05-07,,Angers,,,,Monaco,,,,Head-to-Head,
34,Sun,2023-05-07,,Lens,,,,Marseille,,,,Head-to-Head,
34,Sun,2023-05-07,,Ajaccio,,,,Toulouse,,,,Head-to-Head,
34,Sun,2023-05-07,,Lorient,,,,Brest,,,,Head-to-Head,
34,Sun,2023-05-07,,Nice,,,,Rennes,,,,Head-to-Head,
34,Sun,2023-05-07,,Nantes,,,,Strasbourg,,,,Head-to-Head,
34,Sun,2023-05-07,,Auxerre,,,,Clermont Foot,,,,Head-to-Head,
34,Sun,2023-05-07,,Reims,,,,Lille,,,,Head-to-Head,
34,Sun,2023-05-07,,Lyon,,,,Montpellier,,,,Head-to-Head,
34,Sun,2023-05-07,,Troyes,,,,Paris S-G,,,,Head-to-Head,
,,,,,,,,,,,,,
35,Sun,2023-05-14,,Marseille,,,,Angers,,,,Head-to-Head,
35,Sun,2023-05-14,,Monaco,,,,Lille,,,,Head-to-Head,
35,Sun,2023-05-14,,Montpellier,,,,Lorient,,,,Head-to-Head,
35,Sun,2023-05-14,,Toulouse,,,,Nantes,,,,Head-to-Head,
35,Sun,2023-05-14,,Brest,,,,Auxerre,,,,Head-to-Head,
35,Sun,2023-05-14,,Lens,,,,Reims,,,,Head-to-Head,
35,Sun,2023-05-14,,Clermont Foot,,,,Lyon,,,,Head-to-Head,
35,Sun,2023-05-14,,Strasbourg,,,,Nice,,,,Head-to-Head,
35,Sun,2023-05-14,,Rennes,,,,Troyes,,,,Head-to-Head,
35,Sun,2023-05-14,,Paris S-G,,,,Ajaccio,,,,Head-to-Head,
,,,,,,,,,,,,,
36,Sun,2023-05-21,,Lorient,,,,Lens,,,,Head-to-Head,
36,Sun,2023-05-21,,Nantes,,,,Montpellier,,,,Head-to-Head,
36,Sun,2023-05-21,,Lyon,,,,Monaco,,,,Head-to-Head,
36,Sun,2023-05-21,,Ajaccio,,,,Rennes,,,,Head-to-Head,
36,Sun,2023-05-21,,Brest,,,,Clermont Foot,,,,Head-to-Head,
36,Sun,2023-05-21,,Reims,,,,Angers,,,,Head-to-Head,
36,Sun,2023-05-21,,Nice,,,,Toulouse,,,,Head-to-Head,
36,Sun,2023-05-21,,Lille,,,,Marseille,,,,Head-to-Head,
36,Sun,2023-05-21,,Auxerre,,,,Paris S-G,,,,Head-to-Head,
36,Sun,2023-05-21,,Troyes,,,,Strasbourg,,,,Head-to-Head,
,,,,,,,,,,,,,
37,Sat,2023-05-27,,Lille,,,,Nantes,,,,Head-to-Head,
37,Sat,2023-05-27,,Rennes,,,,Monaco,,,,Head-to-Head,
37,Sat,2023-05-27,,Lyon,,,,Reims,,,,Head-to-Head,
37,Sat,2023-05-27,,Angers,,,,Troyes,,,,Head-to-Head,
37,Sat,2023-05-27,,Lens,,,,Ajaccio,,,,Head-to-Head,
37,Sat,2023-05-27,,Montpellier,,,,Nice,,,,Head-to-Head,
37,Sat,2023-05-27,,Clermont Foot,,,,Lorient,,,,Head-to-Head,
37,Sat,2023-05-27,,Strasbourg,,,,Paris S-G,,,,Head-to-Head,
37,Sat,2023-05-27,,Toulouse,,,,Auxerre,,,,Head-to-Head,
37,Sat,2023-05-27,,Marseille,,,,Brest,,,,Head-to-Head,
,,,,,,,,,,,,,
38,Sat,2023-06-03,,Paris S-G,,,,Clermont Foot,,,,Head-to-Head,
38,Sat,2023-06-03,,Monaco,,,,Toulouse,,,,Head-to-Head,
38,Sat,2023-06-03,,Ajaccio,,,,Marseille,,,,Head-to-Head,
38,Sat,2023-06-03,,Reims,,,,Montpellier,,,,Head-to-Head,
38,Sat,2023-06-03,,Nantes,,,,Angers,,,,Head-to-Head,
38,Sat,2023-06-03,,Nice,,,,Lyon,,,,Head-to-Head,
38,Sat,2023-06-03,,Troyes,,,,Lille,,,,Head-to-Head,
38,Sat,2023-06-03,,Auxerre,,,,Lens,,,,Head-to-Head,
38,Sat,2023-06-03,,Lorient,,,,Strasbourg,,,,Head-to-Head,
38,Sat,2023-06-03,,Brest,,,,Rennes,,,,Head-to-Head,