id,name,address,postalcode,city,birthday,phone,country,active,excluded
1,Breena Connow,16 Acker Alley,,Villa Serrano,31/12/1978,722-967-3477,Bolivia,true,false
2,Harris Dunkerton,8356 Talisman Crossing,99871,Inari,12/03/1990,909-642-7516,Finland,true,true
3,Merrie Grindle,3 Homewood Junction,,Cengjia,13/10/1944,876-111-3766,China,false,true
4,Arlan Morstatt,05 Straubel Place,13315-000,Cabreúva,03/03/1945,870-897-0217,Brazil,true,false
5,Kiele Dedrick,947 Mallard Drive,3515-517,Bodiosa a Velha,26/02/1950,879-743-0896,Portugal,true,false
6,Ella Petzold,749 Valley Edge Way,576 24,Sävsjö,10/08/2003,173-909-8077,Sweden,true,false
7,Harrison Cornbill,03754 Welch Center,,Ngulangan,20/12/1983,385-559-3976,Indonesia,true,true
8,Luise Creebo,1 Hooker Center,,Tobelo,01/05/2002,758-131-4995,Indonesia,true,false
9,Michael Trevers,54 Susan Way,,Jinghai,05/05/1965,501-749-6141,China,false,true
10,Graham Kamall,5017 Stuart Court,,Hetang,20/06/1976,864-657-5721,China,true,false
11,Merline Malins,789 Doe Crossing Way,,Kaniv,01/11/1987,438-264-9534,Ukraine,false,true
12,Ber Khristyukhin,2787 Hermina Park,,Guri i Zi,18/02/1959,440-382-9380,Albania,true,true
13,Saundra Kingescot,48080 Green Ridge Pass,,Fankeng,31/05/1969,502-556-9990,China,false,true
14,Noami Aulsford,06424 Glacier Hill Way,2270,Ormož,26/04/1995,817-127-0015,Slovenia,true,false
15,Kira Fenners,16817 Atwood Alley,3109,Buliran Segundo,28/05/1968,762-554-9772,Philippines,false,true
16,Murielle Cervantes,79356 Onsgard Way,140209,Lopatinskiy,04/08/1988,225-210-0603,Russia,false,false
17,Nelli Keppel,1184 Meadow Vale Way,64-720,Lubasz,17/01/1978,901-391-0642,Poland,false,false
18,Bronnie Simoes,03 Pepper Wood Terrace,,Bangkal,15/11/1940,221-634-8532,Indonesia,false,true
19,Eloisa Croughan,87539 Everett Hill,,Ciguna,19/09/1959,693-682-6538,Indonesia,true,true
20,Drew Nyssens,945 Anhalt Junction,4123,Alfonso,27/07/1982,969-460-7677,Philippines,true,true
21,Aleen Wooles,57 Bunker Hill Parkway,87140,Los Pinos,09/07/2002,603-365-3196,Mexico,true,false
22,Brenna Petow,2541 Melody Avenue,,Shanmuqiao,14/12/1965,409-850-1660,China,false,false
23,Nealson Chatelain,81315 Jackson Road,20404,Washington,17/03/1964,202-360-3627,United States,false,true
24,Katharine Belsham,18 Annamark Junction,,Yinyang,21/06/1982,935-783-9198,China,true,false
25,Natalee Naisbitt,6 Farragut Crossing,3714,Masaraway,18/09/1961,753-702-2316,Philippines,false,false
26,Gisella Haycock,6922 New Castle Terrace,,Gayamsari,28/02/1944,166-934-0100,Indonesia,true,true
27,Finlay Bygraves,91 Jenifer Parkway,763518,Ginebra,22/10/1946,417-839-6502,Colombia,false,true
28,Tommie Gertz,79493 Autumn Leaf Hill,,Lianovérgi,10/03/1944,920-425-2604,Greece,true,false
29,Oates Livzey,86 Anzinger Crossing,30302,San Diego,23/05/1957,324-471-1509,Costa Rica,false,false
30,Gizela Reilingen,97066 Center Circle,,Taifu,03/02/1972,720-459-1650,China,true,true
31,Flor Gerdts,3527 Darwin Lane,3109,Viale,18/01/1997,608-142-9332,Argentina,true,true
32,Tiebout Carnson,90270 Service Parkway,4515,Jovellar,23/01/1970,389-439-5778,Philippines,false,true
33,Allen Heath,40265 Stoughton Crossing,,Lianokládhion,05/05/1951,944-562-5655,Greece,false,true
34,Kristy McIlmurray,386 Kropf Park,,Mirovka,06/04/1954,765-286-0564,Ukraine,false,false
35,Jesselyn Pennells,65 Sycamore Lane,606950,Tonshayevo,01/01/1954,788-303-2232,Russia,false,true
36,Erek Ullock,17 4th Place,141 21,Huddinge,18/06/1942,882-948-7548,Sweden,true,true
37,Gabe Gatheridge,219 Magdeline Trail,576 24,Sävsjö,21/05/1962,489-355-7060,Sweden,false,false
38,Derick Mazey,5612 Shopko Place,43-356,Bujaków,07/06/1994,492-988-1310,Poland,false,true
39,Duncan Portwain,836 Gerald Park,56260-000,Ipubi,25/01/1993,135-201-0089,Brazil,false,true
40,Anett Prydie,649 Texas Crossing,11009,El Asintal,07/03/1991,799-120-2628,Guatemala,true,false
41,Irena Altamirano,0 Blackbird Drive,5400-674,Santa Cruz,29/03/1973,665-998-1869,Portugal,true,false
42,Kimbell Duddle,154 Brentwood Terrace,,Sandaohezi,29/05/1975,976-553-9167,China,false,true
43,Shayna Crothers,88 Northview Circle,,Batakte,01/12/1973,582-789-0437,Indonesia,false,true
44,Rossie Mullen,323 Helena Road,4620-400,Picoto,20/06/1954,690-911-5951,Portugal,false,true
45,Rainer Cusworth,312 Ramsey Alley,,Hatu Buh,13/11/1944,155-471-9668,China,false,true
46,Brice Kelshaw,79575 Hansons Terrace,,Cibitungmasjid,08/08/1949,638-828-2377,Indonesia,true,false
47,Madelle Ales,8844 Bay Pass,2921,Caminauit,02/12/1969,886-480-3033,Philippines,false,true
48,Madeline Burdfield,9975 Killdeer Junction,,Kananga,03/07/1995,595-753-8733,Democratic Republic of the Congo,true,false
49,Linea Gayton,31 Waubesa Street,,Yankou,20/05/1965,525-471-0702,China,true,true
50,Alfred MacGibbon,8 Laurel Terrace,,Ziroudani,08/07/1980,884-275-1166,Comoros,false,true
51,Emmalynne Dottrell,507 Sunbrook Center,,Chavusy,06/05/1979,762-148-8361,Belarus,false,true
52,Cassey Cicullo,6 Mandrake Park,,Nicosia,05/07/1957,695-315-6467,Cyprus,false,false
53,Paulie Piechnik,027 Porter Hill,,Sendangagung,03/03/1983,780-428-2833,Indonesia,true,false
54,Garwin Follett,52 Manufacturers Parkway,52081,Rasūlnagar,03/06/1946,806-843-7923,Pakistan,false,true
55,Leonard Sinkin,4 Oak Valley Alley,,Durazno,19/07/1972,479-281-2887,Uruguay,false,true
56,Colin Knock,24330 Summer Ridge Plaza,96840,Honolulu,15/03/1948,808-224-0784,United States,true,false
57,Culver Mulqueeny,984 Northwestern Center,,Taifu,03/10/1986,802-552-6336,China,false,true
58,Nadiya Tarney,6885 Vera Point,,Xinbu,17/01/2002,382-114-7397,China,false,true
59,Matias Andor,9 Graedel Road,,Carabayllo,19/07/1947,915-589-7529,Peru,false,true
60,Catlaina Beardsdale,81 Helena Crossing,,Suidong,04/01/1988,287-814-4376,China,false,true
61,Giacinta Butchard,71412 Dwight Trail,3515,Ciervo Petiso,11/08/1985,136-974-4268,Argentina,false,false
62,Josefina Fairholme,845 Warrior Point,,Henglan,06/06/1960,668-534-2781,China,false,true
63,Garey Back,4312 Park Meadow Center,58300,Savonranta,20/09/2003,308-931-1423,Finland,true,false
64,Shawnee Kolodziejski,7 Oak Valley Place,,Maliq,23/02/2003,765-820-6018,Albania,false,false
65,Elise Stading,706 Luster Hill,43231,Columbus,12/07/1979,614-944-0075,United States,false,true
66,Benedicto Adelberg,161 Reindahl Hill,3700,Bayombong,04/03/1940,241-770-9183,Philippines,true,false
67,Hagen Diack,9 Havey Parkway,452607,Oktyabr’skiy,25/04/1972,382-820-2708,Russia,true,true
68,Sancho Osmond,38842 Lillian Way,,Kafr Zaytā,05/02/1966,506-992-9990,Syria,true,false
69,Duff Lewnden,9715 Reindahl Court,8308,Unidad,27/07/1940,535-139-2878,Philippines,true,false
70,Theadora Ghion,31 Oriole Street,8701,Uttar Char Fasson,30/03/1967,883-646-4614,Bangladesh,false,true
71,Cal McMychem,52217 Manitowish Pass,13654 CEDEX,Salon-de-Provence,25/12/1967,651-220-4818,France,true,false
72,Fifi Brend,1 Daystar Road,53284,Starigrad,29/03/1987,663-762-2520,Croatia,false,false
73,Ellerey Manley,12 Transport Point,99000-000,Passo Fundo,11/12/1976,165-609-2949,Brazil,false,false
74,Ginger Simoneschi,504 Chinook Alley,,Sayapullo,25/08/1944,918-312-7637,Peru,false,true
75,Una Chuter,52 Eastwood Street,,Diavatá,29/07/1987,196-487-0680,Greece,false,false
76,Dominga Bartoszinski,5991 Manufacturers Trail,,Hoktember,12/07/1971,567-923-8188,Armenia,false,false
77,Melisande Jeffcoat,9 Longview Center,,Bijeli,22/09/1982,141-684-6680,Indonesia,false,false
78,Aubert Rummer,4 Farmco Alley,6612,Liloan,03/02/1973,681-629-3452,Philippines,false,true
79,Sayre Carletto,3 Ohio Trail,,Xingyi,07/07/1955,933-252-2382,China,true,true
80,Patin McKeighan,92074 Dexter Court,56-210,Wąsosz,22/07/1988,566-704-3325,Poland,true,false
81,Iain Bird,82863 Vahlen Way,142143,Zhukovskiy,03/05/1961,704-626-0739,Russia,true,false
82,Selig Machent,15 Norway Maple Center,,Dawu Chengguanzhen,09/03/2001,497-310-7807,China,true,true
83,Stacie Castanyer,748 Glendale Park,,Jinnan,30/11/2003,525-497-2657,China,true,true
84,Bernadette Scollan,48054 Cambridge Crossing,,Tabu,11/12/1963,375-226-8507,Indonesia,true,false
85,Marris Pybworth,890 Debs Plaza,,Idi Rayeuk,27/11/1950,605-630-3449,Indonesia,true,true
86,Harrison Lonergan,180 Eggendart Hill,,Tewulike,01/08/1997,461-957-2656,China,true,true
87,Rosa Thomassin,761 Toban Crossing,,Azogues,06/08/1961,387-294-0757,Ecuador,true,false
88,Marieann Larvor,799 Laurel Parkway,,Subrag,26/01/1964,469-171-6795,China,true,false
89,Amerigo Hirthe,48170 Logan Parkway,92648,Huntington Beach,25/01/1965,949-547-1007,United States,true,true
90,Corrinne Rebillard,58782 Dryden Terrace,,Rijau,22/09/1960,999-144-2624,Nigeria,true,true
91,Otes Hilliam,86 Fulton Center,,Bashtanka,25/06/1977,235-460-1798,Ukraine,true,false
92,Briant Tolworthie,5374 Meadow Ridge Plaza,94734 CEDEX,Nogent-sur-Marne,15/12/1997,577-192-3093,France,false,true
93,Patrice Batchley,26 Hallows Terrace,13600-000,Araras,22/08/1976,338-818-5017,Brazil,false,true
94,Sergent Kettlestring,6125 Mitchell Crossing,463 42,Hodkovice nad Mohelkou,08/02/2000,833-358-0006,Czech Republic,false,true
95,Trenna Haddinton,6983 Dryden Center,1105,Matala,27/07/1954,751-525-4651,Philippines,true,true
96,Dmitri Tidmas,1384 Nelson Terrace,,Cipari,27/12/1994,533-912-7710,Indonesia,false,false
97,Reinwald Emeney,49814 Butterfield Road,,Jishan,22/04/1961,958-821-9968,China,false,true
98,Osborne Seebert,59 Northport Junction,692 81,Kumla,09/09/1989,128-684-9015,Sweden,false,true
99,Gradeigh Hovenden,5 Dayton Alley,,Changgou,01/09/1979,668-525-0450,China,false,true
100,Charmain Alesi,146 Kennedy Junction,,Karanganyar,02/05/2000,558-324-9483,Indonesia,false,false
101,Peri Wyllie,589 Stoughton Circle,63600-000,Senador Pompeu,04/07/1987,846-571-5486,Brazil,false,false
102,Shaughn Northeast,66 Calypso Parkway,,Thị Trấn Na Hang,08/04/1966,896-969-1094,Vietnam,false,false
103,Gianni Albutt,01 Caliangt Place,76420-000,Niquelândia,04/04/1977,564-630-8936,Brazil,false,false
104,Blakelee Fassam,442 Corscot Circle,6150,Grahamstown,30/04/1966,941-875-6176,South Africa,true,true
105,Weston Corradeschi,2149 Hoffman Parkway,,Ngaoundéré,28/06/1994,749-410-8280,Cameroon,true,false
106,Sigfrid Rockwill,09997 Sauthoff Pass,,Fufang,06/07/1996,838-748-0261,China,true,true
107,Jania O'Donoghue,15108 Riverside Trail,,Alurbulu,26/03/1974,777-525-9385,Indonesia,true,false
108,Ansley Toombes,54804 Tennessee Junction,93715,Fresno,28/10/1981,209-214-4622,United States,false,true
109,Norbie Ketton,5386 Evergreen Center,87490-000,Nova Olímpia,29/11/1974,907-175-5325,Brazil,true,false
110,Genny Hampe,5 Carey Drive,94972 CEDEX 9,Créteil,25/03/1970,734-894-3579,France,true,true
111,Kendall Willingam,1 Golden Leaf Street,,Kipini,07/02/1950,110-771-0104,Kenya,false,true
112,Flori Hariot,44 Village Court,,San Juan del Surutú,19/04/1968,612-486-2144,Bolivia,false,true
113,Valerye Inde,27 Florence Hill,,Geneng,30/10/1950,489-148-6250,Indonesia,false,false
114,Desiree Graham,5504 Mayer Hill,,Jindou,26/02/1977,253-345-5270,China,true,false
115,Tricia Paulot,4967 Carioca Road,56170,Hujra,11/08/1941,312-866-2930,Pakistan,true,true
116,Evin Tingly,4 Lakeland Junction,,Xinji,04/03/1962,113-654-7913,China,false,false
117,Lauritz Morrant,336 Portage Road,618824,Pashiya,02/01/1987,585-891-1335,Russia,false,false
118,Kylila Isaksen,01128 New Castle Street,,Madruga,30/09/1986,628-367-3730,Cuba,true,true
119,Berkley Jodlowski,17312 Morrow Plaza,30200,Ipoh,30/05/1964,153-318-9802,Malaysia,false,false
120,Mark Tokell,83793 Merry Park,,Sīnah,28/10/1942,302-495-6893,Iraq,true,false
121,Robinett Cannan,7175 Pennsylvania Junction,,Khashuri,25/09/2002,941-315-9578,Georgia,false,true
122,Sigismond Krale,44004 Oak Valley Pass,,Qishn,01/10/1981,824-598-9325,Yemen,true,true
123,Bjorn Lissaman,628 Dryden Point,C1B,Charlottetown,03/02/1947,355-950-3965,Canada,false,false
124,Josh Kunzel,60 3rd Point,,Gagarawa,15/10/1997,902-230-4380,Nigeria,true,true
125,Hana Dockrell,76 Pond Way,,Kamenica,17/06/1965,410-850-4723,Serbia,true,true
126,Karlie Fullick,36 Tony Point,,Nanxi,25/06/1999,448-868-8861,China,true,false
127,Charmion Thaxter,025 Maple Wood Point,P24,Kill,06/05/1979,167-234-7936,Ireland,false,false
128,Petunia Begin,978 Amoth Road,,Zhuli,25/08/1974,781-442-7167,China,true,true
129,Kendricks Scutts,96 Bellgrove Lane,33204,Gijon,05/03/1970,975-765-4444,Spain,false,true
130,Rebekah Going,091 Hazelcrest Court,,Tempursari Wetan,18/06/1966,910-975-3300,Indonesia,false,true
131,Arney Crocetto,9203 Spaight Court,28001,Utena,04/04/1986,743-310-3560,Lithuania,false,false
132,Ferdinanda Stallion,59164 Basil Parkway,,Randuboto,28/01/1957,837-123-1246,Indonesia,false,true
133,Brandi Backsal,6 Glendale Avenue,,Dagushan,08/07/1970,868-915-3009,China,false,true
134,Giovanni Lockhead,071 Eastlawn Point,74-320,Barlinek,14/01/1973,541-854-8069,Poland,true,true
135,Harlen Kerwood,25525 Hudson Way,36121,Mīrwāh Gorchani,23/05/1946,373-627-0146,Pakistan,false,false
136,Julian Oliver-Paull,52 Grover Parkway,,Próti,22/03/1955,750-738-8619,Greece,true,true
137,Siusan Varndell,32658 East Avenue,682071,Novyy Urgal,26/01/1941,931-641-3447,Russia,true,true
138,Keven Doddridge,56 Mitchell Crossing,,Tshaneni,09/09/1954,778-942-3561,Swaziland,false,false
139,Sara Schwandner,733 Haas Lane,1117,Gulod,11/02/1944,612-944-6436,Philippines,false,true
140,Hazlett Gehrtz,949 Express Way,03006 CEDEX,Moulins,23/08/1997,895-687-1437,France,true,false
141,Zitella Hayselden,9375 Manitowish Way,707018,San Onofre,05/06/1991,368-683-6425,Colombia,true,false
142,Alyssa Dunseath,949 Springs Place,,Krajan Satu,01/05/1961,693-899-9637,Indonesia,false,true
143,Kirsten Daveren,441 Golf View Circle,6126,Dobdoban,14/01/1984,376-919-4666,Philippines,true,true
144,Rip Ollet,5668 Scofield Terrace,3126,Bicos,12/08/1967,774-774-7603,Philippines,false,false
145,Bronny Brazelton,449 Hoffman Place,1659,Vito,13/11/1943,575-841-6568,Philippines,true,true
146,Denna Headrick,1720 Messerschmidt Pass,86054 CEDEX 9,Poitiers,28/11/2000,670-764-5578,France,true,false
147,Waneta Rumney,226 Michigan Terrace,,Kyzyl-Kyya,18/06/1994,651-103-5975,Kyrgyzstan,false,true
148,Savina Jerschke,76 Pine View Avenue,,Cerro Colorado,06/08/1975,198-571-1552,Uruguay,true,true
149,Malanie Boundy,5605 Wayridge Trail,,Novi Karlovci,27/10/2002,931-800-2765,Serbia,true,false
150,Dukey Chalmers,8 Charing Cross Avenue,,Xijiang,23/11/1975,814-438-9036,China,true,true
151,Ned Fossett,8 Twin Pines Hill,G7S,Boissevain,18/04/1975,693-397-6108,Canada,false,true
152,Helenka Lockney,15285 Nova Terrace,,Dongshi,16/09/1973,147-101-6874,China,false,true
153,Shea Wandrey,5 Mariners Cove Plaza,J7Z,Saint-Jérôme,23/02/1952,200-726-0831,Canada,false,false
154,Brandise Otter,53 Michigan Terrace,115 22,Stockholm,01/05/1975,482-591-3178,Sweden,false,true
155,Elwood Stearndale,15304 Straubel Park,,Mujur Satu,13/11/1961,998-940-8728,Indonesia,true,true
156,Monroe Feehily,37 Sutherland Pass,,Pulap,06/05/1941,592-928-1765,Micronesia,true,true
157,Sibbie Debow,0105 Loomis Plaza,D6W,Ballyboden,25/03/2002,315-713-2739,Ireland,true,true
158,Brady Ventris,3 Susan Drive,21-580,Wisznice,30/03/1978,319-577-9774,Poland,true,true
159,Loutitia Garmon,3 Warbler Road,352808,Tuapse,11/01/1998,327-866-9847,Russia,true,true
160,Dulcy Portwain,7 Holmberg Place,36408,El Refugio,05/11/1945,521-490-6864,Mexico,false,false
161,Karon Gledhill,50576 Dwight Crossing,,Tyshkivka,04/06/1969,476-404-2197,Ukraine,false,true
162,Merill Picford,3 Bellgrove Plaza,2200-003,Abrantes,26/01/1993,463-792-5867,Portugal,true,false
163,Brandy Sydry,156 Algoma Plaza,614551,Bershet’,18/04/1987,474-805-6689,Russia,false,false
164,Hermione Battman,62888 Erie Drive,,Apengjiang,02/06/1960,444-233-7601,China,true,false
165,Diego Shildrake,2 Golf Crossing,,Couva,25/04/1998,309-847-0966,Trinidad and Tobago,false,true
166,Pandora Bunson,74581 Roxbury Hill,,Yidu,21/07/1974,965-591-5012,China,false,true
167,Ellwood Kubczak,5 Sloan Trail,,Pinsk,01/09/1956,490-654-4719,Belarus,true,false
168,Fremont Sambells,92280 Express Drive,,Jiutai,15/09/1964,192-977-5655,China,true,false
169,Llewellyn Bosward,0 Thompson Trail,,Quebrada de Arena,03/03/1994,851-924-0726,Honduras,true,true
170,Bernadette Birtonshaw,522 Towne Lane,,Huangjingba,21/05/1986,887-179-4732,China,true,true
171,Randi Glassborow,4 Moland Parkway,382 72,Dolní Dvořiště,02/02/1997,560-514-8260,Czech Republic,true,true
172,Moselle Beeres,6 Gateway Trail,446209,Novokuybyshevsk,25/07/1944,478-201-9600,Russia,true,true
173,Kris Kaliszewski,1 Morning Parkway,,Bijie,03/09/1969,533-302-1630,China,false,true
174,Olly Faunch,47173 Browning Center,,Junliangcheng,16/01/1972,533-610-7288,China,false,false
175,Tamarah Siemens,86583 Moose Terrace,80217,Denver,23/10/1947,303-385-6605,United States,false,false
176,Elysha Harwin,7675 Dwight Center,03009,San Bartolomé Milpas Altas,14/04/2001,430-383-2611,Guatemala,true,false
177,Leeland Carren,1647 Grayhawk Way,,Bali,22/12/1976,688-136-2650,Cameroon,true,true
178,Bentley Gair,287 Cottonwood Road,,Kalinkavichy,16/05/1979,588-985-9495,Belarus,false,false
179,Leicester Geaney,4 Kenwood Lane,,Tangtou,09/12/1953,350-718-4099,China,false,false
180,Sissy Jerzak,31 American Ash Lane,,Bayramaly,26/05/1994,312-888-0056,Turkmenistan,false,false
181,Rosita Troop,34577 Pond Place,,Wamba,25/04/1968,713-412-5577,Democratic Republic of the Congo,false,true
182,Horatia Quadri,2 Carberry Alley,5571,Levin,11/06/1977,121-975-6939,New Zealand,false,true
183,Marti Halford,1920 Hansons Plaza,823 80,Kilafors,26/08/1994,152-549-5350,Sweden,true,true
184,Andeee Gamlen,52516 Badeau Parkway,6530,Limon,23/02/1961,668-846-0385,Philippines,false,false
185,Sileas Janssens,4717 Esch Trail,1295,Rotunda,04/10/1967,171-170-7306,Philippines,true,false
186,Kipper Stainton - Skinn,8 Stuart Avenue,956-0861,Kitakami,21/12/1946,448-674-4572,Japan,true,true
187,Gratiana Lantiffe,07 Hanson Park,6012,Nailong,28/11/1949,553-636-8441,Philippines,true,true
188,Gareth Rawsthorne,60 Mendota Alley,4620-207,Engenho,16/01/1990,488-162-7087,Portugal,true,true
189,Zak Laughren,1606 Hermina Alley,162017,Kamenka,28/07/1977,344-538-7845,Russia,false,true
190,Bruce Macklam,58 5th Trail,,Zhangjiachang,17/11/1979,387-450-2726,China,true,false
191,Coriss Puzey,96 Laurel Pass,9650-245,Lomba do Loução,26/09/1976,905-986-1719,Portugal,false,true
192,Theo Paoletto,247 Veith Alley,,Youxi Chengguanzhen,22/05/1942,819-742-1723,China,true,false
193,Geoffrey Byrom,17 Vernon Alley,6322,Ohrid,08/10/1970,870-294-6329,Macedonia,false,false
194,Konrad Squeers,124 Old Gate Road,,Sanshan,26/09/1958,204-385-6197,China,false,false
195,Glenna Camis,67519 Tony Crossing,,Kamwenge,14/12/1982,388-131-6382,Uganda,true,false
196,Dan Soppitt,069 Fairview Way,,Qŭshkŭpir,16/11/1954,746-310-8270,Uzbekistan,true,false
197,Ugo Kirk,143 Moulton Point,,Qiligang,28/01/1940,669-719-3189,China,false,true
198,Karalynn Rosenblatt,3 John Wall Court,2439,Vallehermoso,21/05/1988,833-497-4932,Philippines,false,true
199,Cullie Cops,0137 Almo Pass,,Cairo,01/01/1972,620-873-8399,Egypt,false,true
200,Tymothy Kornacki,293 Briar Crest Road,,Paucarbamba,19/07/1983,943-280-2645,Peru,false,false
201,Philly Kibard,24 Meadow Vale Lane,45306,Camino Real,29/12/1962,505-230-2538,Mexico,true,true
202,Helli Goadsby,379 Express Plaza,692831,Smolyaninovo,25/10/1986,972-574-9761,Russia,true,true
203,Waneta Astill,9726 Annamark Plaza,8023,Zürich,04/10/1940,609-316-7232,Switzerland,false,false
204,Towny Barhems,4 Northwestern Alley,,Nanhuang,24/11/1976,461-975-4217,China,true,true
205,Helga Surgenor,2 Helena Trail,WC2H,London,11/09/1992,177-300-8317,United Kingdom,true,true
206,Neile Grinikhin,01171 Old Shore Center,,Glondong,21/04/1994,338-154-1605,Indonesia,false,false
207,Lionel Gomby,72 East Road,,Jenzan,06/12/1989,396-372-5031,South Korea,true,false
208,Peder Mulcock,18979 Dwight Center,36408,El Refugio,22/05/2000,515-244-3082,Mexico,true,false
209,Harli Normadell,2 Division Circle,34360,Khlong Toei,23/07/1973,633-183-6872,Thailand,true,true
210,Deloris Bradneck,9094 Clarendon Trail,,Boshan,05/11/1985,714-548-8773,China,false,false
211,Inga Coulthard,222 Gina Plaza,,Yujiao,30/05/1963,319-787-5186,China,false,true
212,Renata Regis,225 4th Circle,37-120,Markowa,11/05/2002,161-768-0396,Poland,true,false
213,Orson Cremins,03 Cascade Center,,As Suwaydā’,02/01/1951,990-352-9348,Syria,false,false
214,Torre Waterson,9 Randy Junction,,Isak,16/10/1966,351-150-2774,Indonesia,false,true
215,Katlin Brennen,93260 Mcbride Junction,,Hoeryŏng,18/06/1942,115-503-4337,North Korea,false,false
216,Elly Tyson,552 Forster Junction,,Banjar Baleagung,30/06/1975,532-721-1381,Indonesia,false,true
217,Brianne Kurton,418 Ridge Oak Parkway,75120,Bang Khon Thi,07/01/1948,536-102-9326,Thailand,false,true
218,Fidela Worthy,2735 Pond Way,6227,San Juan,23/11/1941,466-154-5864,Philippines,true,true
219,Fransisco Kiljan,99 Columbus Way,4615-467,Calçada,08/06/1995,867-729-3821,Portugal,true,true
220,Cherianne Bushel,94970 Monument Park,181 77,Lidingö,19/07/1980,509-148-7818,Sweden,false,true
221,Diahann McGovern,180 Fremont Circle,K2R,Bells Corners,30/12/1946,154-187-6057,Canada,true,true
222,Nicole Ayres,4542 Beilfuss Junction,,Muhur,14/12/1976,655-411-8702,China,false,false
223,El Kegan,510 Melrose Crossing,93094,Simi Valley,21/11/1978,805-942-3089,United States,false,false
224,Torrin Stooders,265 Parkside Avenue,141032,Vatutino,10/08/1959,569-919-6889,Russia,true,true
225,Abeu Skarr,933 Springview Park,48005 CEDEX,Mende,31/07/1968,615-540-8346,France,false,false
226,Free D'Aubney,15 Donald Hill,,Lipu,01/01/1999,422-404-2984,China,false,false
227,Tuesday Yemm,66 Sycamore Trail,371 47,Karlskrona,06/02/1968,770-240-1405,Sweden,false,true
228,Rogerio Clute,2687 Stone Corner Point,33102,Cuauhtemoc,08/02/1988,710-248-0626,Mexico,true,false
229,Millard Scarce,2 Eagan Center,,Dalam,13/12/1982,298-823-6501,Indonesia,true,false
230,Abigale de Castelain,76494 Cardinal Road,SY4,Pentre,02/11/1970,259-798-7659,United Kingdom,false,false
231,Christa Wigley,35305 Merrick Street,,Falāvarjān,11/11/1970,587-558-1181,Iran,false,false
232,Merell Engelbrecht,758 Express Way,43901,Kinnula,10/12/1990,142-654-2543,Finland,false,true
233,Ekaterina Josifovitz,31015 Almo Street,90110,Pathum Thani,30/07/1956,406-290-6832,Thailand,true,false
234,Opalina Derr,0 Walton Point,,Potlot,23/02/1958,741-157-8602,Indonesia,true,true
235,Daisey Simmgen,0220 West Plaza,,Brusyliv,18/05/1949,480-851-3273,Ukraine,false,true
236,Benjamin Hiddy,2311 Hollow Ridge Park,88300,Paltamo,11/04/2003,986-353-6718,Finland,false,true
237,Beverie Bernardeschi,88492 Boyd Terrace,,Wenxian Chengguanzhen,20/04/1960,210-394-7318,China,false,true
238,Jake Sodo,120 Schlimgen Park,663246,Podkamennaya Tunguska,20/08/1942,228-919-4469,Russia,false,false
239,Sofie Skeleton,412 Blaine Terrace,99-210,Uniejów,31/08/1974,545-650-8540,Poland,false,false
240,Cirillo Elix,72 Atwood Junction,9400,Bella Vista,25/10/1944,385-715-5238,Argentina,true,true
241,Ardis Jakuszewski,2810 Coolidge Place,75396 CEDEX 08,Paris 08,22/01/1945,372-315-7664,France,false,false
242,Hiram Seyler,995 Carpenter Drive,250038,Madrid,26/04/1964,117-717-5066,Colombia,true,true
243,Devondra Kasparski,57968 Annamark Place,,Klemunan,30/06/1980,882-399-3098,Indonesia,true,false
244,Lefty Degg,35 Maywood Trail,,El Congo,01/08/1974,250-582-5439,El Salvador,false,true
245,Valery Pammenter,861 Sauthoff Drive,699-0644,Hiratachō,14/12/1955,969-423-0423,Japan,false,true
246,Aeriell Guidi,62154 Leroy Crossing,,Ritaebang,14/04/1984,287-734-6294,Indonesia,false,true
247,Samaria Coghill,6649 Bunting Terrace,,Dagou,22/07/1945,410-636-9301,China,false,true
248,Noam Mervyn,4 Eagan Terrace,182156,Nelidovo,12/09/1960,558-936-1863,Russia,true,false
249,Tuck Francescoccio,2556 Atwood Place,,Xiyuan,22/08/1985,464-766-1896,China,false,false
250,Trip Sivill,61 Sachtjen Hill,,Vilque Chico,14/04/1964,802-359-2378,Peru,true,false
251,Jean Hargraves,73 Nobel Hill,,Taklale,06/12/1953,366-803-9020,Indonesia,true,false
252,Justina Shapland,198 Carey Lane,,Xinfeng,21/07/1986,802-539-7921,China,true,false
253,Del Stair,557 Sauthoff Drive,,Hengjiang,06/11/1997,273-508-8806,China,true,false
254,Carlie Hellwing,91021 Brickson Park Circle,174 49,Sundbyberg,24/05/1981,889-740-3258,Sweden,true,true
255,Matty Langhorne,3 La Follette Trail,R35,Rathnew,23/03/1981,337-928-7174,Ireland,true,false
256,Seamus Chumley,84 Lakeland Crossing,,Kiboga,23/03/1991,285-827-9830,Uganda,true,true
257,Kamillah Licciardello,24 Crownhardt Pass,7509,Obršani,26/11/1989,873-819-1180,Macedonia,false,true
258,Pearl De Carlo,188 Arkansas Parkway,,Yuzhou,28/09/1991,960-200-2950,China,true,false
259,Quinlan Spicer,2 Ludington Avenue,S9X,Meadow Lake,13/10/1974,437-113-8560,Canada,true,true
260,Costanza Tull,1547 Ridgeway Junction,,Quezaltepeque,18/01/1977,828-997-3326,El Salvador,false,true
261,Fianna Hall,1301 Vahlen Hill,68164,Omaha,28/11/1985,402-792-6503,United States,true,false
262,Eolande Antonioni,0779 Golf View Terrace,501-4455,Gujō,21/10/1951,179-187-3787,Japan,false,true
263,Katharina Vanyashkin,831 Del Sol Alley,,Shangma,22/04/1976,577-140-6645,China,false,true
264,Ilaire Gleader,36587 Dixon Circle,254008,Pacho,26/07/1965,862-993-0918,Colombia,true,true
265,Dotty Lacy,6274 Glacier Hill Road,51005,Ceuta,24/04/1985,808-667-5927,Spain,true,false
266,Adamo Dunton,47 Stuart Park,188649,Vsevolozhsk,29/03/1982,923-740-1368,Russia,true,false
267,Eben Weed,1443 Vernon Terrace,,Tengah,29/04/1988,451-727-5916,Indonesia,true,false
268,Kissie Chasemore,71 Farmco Plaza,,Lixin,08/08/1973,162-389-1271,China,false,true
269,Carroll Mager,52 Westerfield Trail,91324 CEDEX,Wissous,12/09/1963,349-534-3128,France,true,true
270,Cristiano Cromack,42927 Heath Trail,13807 CEDEX,Istres,06/06/1974,699-326-8815,France,true,true
271,Udall Cheavin,3 Chinook Street,56030,San Juan,12/11/1941,155-241-5223,Mexico,false,true
272,Myles Siddele,9 Oxford Plaza,,Tartouss,06/04/1943,768-920-9455,Syria,false,false
273,Harbert Kilcullen,3 Continental Circle,42014 CEDEX 2,Saint-Étienne,30/03/1996,291-864-7299,France,false,false
274,Adora Behagg,40 Del Mar Way,T9C,Vegreville,30/12/1996,563-688-6169,Canada,false,true
275,Nan Timmes,9 Alpine Avenue,,Dessalines,27/04/1945,756-860-2434,Haiti,false,true
276,Siffre Duckerin,80 Kings Center,601144,Petushki,29/08/1980,192-862-3908,Russia,false,true
277,Gaylord Deam,33977 Waxwing Center,5404,Peña,09/05/1954,551-390-5091,Philippines,true,true
278,Jerad Mattea,5 La Follette Plaza,59250,Jalālpur Pīrwāla,01/09/1972,541-876-7086,Pakistan,false,true
279,Arluene Rabbet,6 Sloan Plaza,,Hezheng Chengguanzhen,13/04/1977,802-283-7337,China,true,true
280,Mariquilla Gerhartz,4504 Riverside Pass,,Chengui,07/06/1941,932-340-5289,China,false,false
281,Torrin Humbee,13 Butternut Drive,368978,Siukh,01/10/1944,469-222-1353,Russia,true,true
282,Jorey Sanbrook,0575 Spaight Hill,,Ingenio,21/10/1964,598-160-5165,Peru,false,false
283,Letta Blything,2 Hooker Way,,Beiqijia,16/06/1955,211-327-6938,China,true,false
284,Sarajane Tappington,744 Dorton Circle,,Quillota,19/01/1949,974-309-9545,Chile,false,true
285,Gennie Gurling,8410 Huxley Way,307505,Rudnichnyy,14/04/1974,958-349-1049,Russia,false,false
286,Rozanne Giddins,84001 Oriole Junction,2975-083,Courelas Bravas,05/09/1974,900-245-5018,Portugal,false,true
287,Karon Burthom,3008 Johnson Drive,444038,San Juan del Cesar,10/05/1944,269-812-4756,Colombia,true,true
288,Davina Alvy,45239 Lakewood Point,,Bokat,26/05/2002,232-204-2905,Indonesia,true,false
289,Jaime O'Sheilds,715 3rd Pass,877-1107,Kazuno,22/10/1954,217-297-8722,Japan,true,true
290,Selie Sima,46 Westport Pass,,Thanh Khê,23/03/1962,913-296-9212,Vietnam,true,false
291,Alec Karlik,1999 Vermont Point,397325,Krasnokamsk,20/12/1941,181-756-0705,Russia,true,false
292,David Muncey,518 Kingsford Junction,,Banjar Asahduren,23/06/1989,458-102-8238,Indonesia,true,false
293,Wallache Jewel,2 Erie Trail,4343,Raojān,19/11/1996,722-188-5236,Bangladesh,false,true
294,Ame Dalglish,0 Meadow Valley Alley,,Sulyukta,21/06/1954,836-329-5308,Kyrgyzstan,false,true
295,Sally Piotr,38004 Moland Trail,,Yacheng,09/08/1955,394-545-3259,China,false,false
296,Bradan O'Boyle,1431 Mallory Road,,Heshi,28/12/1965,821-497-1187,China,false,true
297,Saudra Mungham,0 Buell Avenue,,Eséka,20/08/1984,748-115-1674,Cameroon,false,false
298,Leann Hugill,733 Farwell Center,,Jurm,26/06/1969,169-457-5756,Afghanistan,false,true
299,Tonie Dirr,93 Nobel Trail,,Cahuac,16/08/1962,397-336-4394,Peru,true,false
300,Ange Castanaga,2814 Hauk Plaza,504 00,Borås,12/05/1980,701-161-2663,Sweden,true,false
301,Dedra Malyan,2494 7th Avenue,,Thành Phố Hà Giang,06/04/1957,847-942-2542,Vietnam,false,false
302,Frazer Gounel,3499 Park Meadow Hill,,Soho,04/04/1966,287-643-2461,Indonesia,true,false
303,Rorie Fruen,496 Talmadge Road,,Yanchi,02/09/1986,123-217-4280,China,false,false
304,Desiree Klimschak,52 Carey Center,,Akwanga,18/02/1943,540-774-9048,Nigeria,false,true
305,Hillyer Loomis,060 Buhler Point,404436,Surovikino,18/12/1957,531-495-5332,Russia,false,true
306,Bunni Vellacott,22 Leroy Lane,4905-074,Rio,20/06/1998,545-470-1567,Portugal,false,true
307,Jeffry Standeven,644 Schiller Plaza,2925-018,Azeitão,27/05/1993,309-281-3107,Portugal,true,false
308,Janelle Hutten,63 Kipling Point,,Jabinyānah,08/01/1954,780-839-7112,Tunisia,true,false
309,Crystal Antosch,3361 Rieder Parkway,,Kopashnovo,29/03/2001,789-540-9921,Ukraine,true,true
310,Gracia Melato,0395 Macpherson Court,,Longhua,05/03/1988,549-911-2525,China,false,false
311,Thalia Warnes,3058 Summer Ridge Drive,,Krajan Atas Suger Lor,03/01/1957,534-260-3962,Indonesia,true,false
312,Selene Wint,699 Jay Drive,10112,Bella Vista,06/11/1945,225-614-8542,Dominican Republic,false,false
313,Francesco De Cruze,16965 Schmedeman Pass,,Shuanglong,22/03/1971,231-278-2940,China,false,true
314,Vanna Zavattieri,53 Arkansas Road,,Meniko,31/08/1950,901-379-5522,Cyprus,false,true
315,Martita Oakly,9 Everett Circle,,Nixi,15/06/1942,321-830-8570,China,false,true
316,Marielle Bruniges,026 Pine View Crossing,678580,Batagay-Alyta,20/04/1998,187-274-1300,Russia,false,false
317,Urbano Lafaye,576 Sachtjen Junction,,Kamyanyets,11/09/1970,948-845-9913,Belarus,false,false
318,Marshall Thwaites,41485 Claremont Avenue,259-1220,Ōiso,20/09/2000,870-742-4982,Japan,true,false
319,Norry Kitson,8 Glacier Hill Place,76-038,Dobrzyca,22/04/1945,608-156-3920,Poland,true,true
320,Pammi Lukovic,9814 Magdeline Pass,43-340,Kozy,09/06/1950,394-414-5767,Poland,false,false
321,Cherie Tollet,899 8th Lane,T5K,Wingham,26/07/1990,296-971-1257,Canada,false,true
322,Sheena Epinoy,88567 Becker Plaza,30629,Hannover,09/04/1963,288-397-6269,Germany,false,false
323,Idell Maltby,823 Caliangt Hill,4424,Maagnas,07/04/1971,373-507-1345,Philippines,false,false
324,Nerissa Stillman,54739 Clyde Gallagher Street,69350,Samaro,19/12/1974,159-486-6230,Pakistan,true,false
325,Diane O'Bruen,569 Roxbury Center,,Donggaocun,25/02/1950,830-205-8789,China,false,false
326,Constantino Barber,500 Northport Plaza,,Kruševac,10/11/1948,114-658-7550,Serbia,false,false
327,Sawyere Burrett,08736 Stephen Junction,,Gaowu,19/11/1962,663-782-7363,China,false,false
328,Iggy O'Lagen,03256 Farwell Crossing,386323,Nizhniye Achaluki,26/06/1959,482-584-5050,Russia,true,false
329,Mirabelle Dulin,14 Schmedeman Way,,Korem,26/03/1968,372-368-0017,Ethiopia,true,true
330,Lena Vedekhov,7 Hovde Road,G0N,Adstock,09/01/1953,745-142-4110,Canada,true,false
331,Geneva Eichmann,4628 Pierstorff Hill,,Pavlivka,18/07/1993,589-695-0722,Ukraine,true,true
332,Berny Sabathe,3989 Lunder Crossing,152219,Sogamoso,14/04/1962,103-626-1504,Colombia,false,false
333,Craggie Rolse,8 Commercial Road,184606,Североморск-3,15/01/1961,283-492-1816,Russia,true,true
334,Alex Hatrick,55620 Drewry Center,,Prroshyan,30/03/1940,729-975-6503,Armenia,true,true
335,Juditha Huccaby,09 Southridge Street,,Manolás,02/03/1978,224-742-6274,Greece,true,false
336,Jinny Muzzall,0 Cambridge Hill,3007,Bahay Pare,20/06/2001,327-811-5033,Philippines,false,false
337,Parker Janczak,0352 Talisman Junction,,Loudi,18/07/1985,977-228-2070,China,true,false
338,Jo Mapis,98 Stephen Parkway,,Lordegān,08/11/1977,784-883-1280,Iran,true,true
339,Erich Dillingham,62270 Moose Plaza,,Aitape,19/01/1974,440-334-9551,Papua New Guinea,true,true
340,Herbert Clutram,09 Mesta Crossing,,Bileća,31/03/2002,420-904-4767,Bosnia and Herzegovina,false,false
341,Gannie Giacomucci,96 Oriole Way,79200-000,Aquidauana,11/02/2003,885-163-6499,Brazil,true,true
342,Shannen Yggo,9 Randy Circle,,Manolás,09/10/1983,490-626-2799,Greece,false,false
343,Cecil Melton,219 Cambridge Road,340-0113,Satte,27/05/1956,614-388-7978,Japan,false,false
344,Corey Whordley,3339 Dryden Lane,,Jiangkou,01/04/1944,935-919-6891,China,true,false
345,Lina McGeechan,4 Heath Avenue,,Xinghua,21/02/1978,816-141-4862,China,true,false
346,Blythe Medling,51 Grayhawk Junction,,Daxing,20/07/1963,979-892-6512,China,true,true
347,Lynn Acreman,58 Corry Avenue,,As Samawah,27/12/1951,252-709-6859,Iraq,true,true
348,Bert Hurle,0 Oriole Avenue,,Dayou,13/08/1996,539-136-3484,China,true,true
349,Kevina Blaasch,23680 Farwell Drive,LE16,Middleton,20/11/2001,930-799-9515,United Kingdom,false,false
350,Chaunce Hatwell,1361 Hoepker Hill,,Nyazura,21/12/1970,973-803-6568,Zimbabwe,false,false
351,Mersey Gyenes,441 Haas Court,87560-000,Iporã,16/10/1960,385-528-6105,Brazil,true,false
352,Tabbitha Vasishchev,56 Sundown Way,84400-000,Prudentópolis,09/04/1970,425-131-0746,Brazil,false,false
353,Ashely Van Der Weedenburg,6 Nova Avenue,98687,Vancouver,03/03/1986,360-501-7338,United States,true,false
354,Susi Woodhouse,343 Dakota Junction,,Mtambile,09/09/1993,655-378-0402,Tanzania,true,false
355,Lavinia Gaitone,8950 High Crossing Trail,4342,Casuguran,29/07/2001,837-242-7391,Philippines,true,true
356,Park Bavister,1 Mayfield Crossing,,Chunjiang,13/10/1958,424-699-7696,China,false,true
357,Sarette Dimond,4833 Dixon Park,,Dzhankoy,18/10/1986,479-520-8474,Ukraine,true,false
358,Tandie Pascow,338 Annamark Alley,,Mbumi,27/08/1969,645-232-6528,Tanzania,true,false
359,Corey O'Hartnett,0361 Ridgeway Way,1098,København,02/01/1968,225-582-6198,Denmark,true,false
360,Alyssa Ghest,15 Twin Pines Street,42-134,Truskolasy,17/06/1980,849-888-2628,Poland,false,true
361,Ervin Seel,87 Karstens Pass,,Pančevo,11/05/1970,453-883-6147,Serbia,true,false
362,Mabelle Chattell,1395 Northfield Hill,052828,Remedios,03/01/1966,183-348-2096,Colombia,false,false
363,Reade Palmby,38207 Birchwood Hill,,Lenghu,05/01/1969,357-986-0252,China,false,false
364,Pavia Jerman,165 Graedel Road,96980,Francisco Villa,23/06/1953,986-258-5651,Mexico,false,false
365,Meris Pietruschka,497 Utah Way,65011,Naukot,12/08/1988,870-974-8378,Pakistan,true,false
366,Franky Marcam,7 Kings Court,,La Lima,19/07/1998,973-897-2312,Honduras,false,false
367,Ole Mattersey,7924 Arizona Road,,Xiashitai,05/12/1945,639-533-1965,China,true,false
368,Shara Krabbe,8 Graceland Court,6311,Anda,30/12/1975,645-735-6750,Philippines,false,false
369,Jessa Spridgeon,7 Twin Pines Center,,Yantang,12/08/1992,556-226-2325,China,true,true
370,Godart People,4 Hansons Park,12005,Castellon De La Plana/Castello De La Pla,29/01/1946,197-972-7546,Spain,true,true
371,Kristopher Aleshintsev,5 4th Street,,Segoro,06/05/1997,500-248-2099,Indonesia,true,false
372,Olimpia Bolitho,1 Dapin Parkway,,Lusambo,30/07/1953,151-403-8729,Democratic Republic of the Congo,false,false
373,Dorthea Dwyr,45 Sommers Terrace,369228,Ordzhonikidzevskiy,23/04/1974,264-112-8147,Russia,true,false
374,Kennan Hugett,28 American Ash Place,,Ugljevik,11/01/1965,374-691-1787,Bosnia and Herzegovina,true,false
375,Zorine Carlucci,74 Carberry Circle,2660-363,São Julião do Tojal,04/03/1960,146-883-4354,Portugal,false,false
376,Gib Kristiansen,91 Fulton Place,70149,New Orleans,25/12/1972,504-248-9351,United States,false,false
377,Viv Browne,73 Forest Crossing,,Sangari,21/08/1966,229-226-9467,Indonesia,true,true
378,Reba Tribble,37918 New Castle Road,5131,Esquina,22/01/1951,748-526-3202,Argentina,false,true
379,Feodora Davie,12 Crescent Oaks Center,28034 CEDEX,Chartres,20/08/1977,409-669-2825,France,true,true
380,Shaw Ivakhno,81 Johnson Way,,Baitian,25/10/1976,589-209-8978,China,true,true
381,Tiffanie Kleinbaum,08 Forster Circle,,Tajerouine,12/03/2000,235-176-2331,Tunisia,false,false
382,Davin Priestley,91 Forest Dale Drive,,Kuluran,25/01/1941,517-619-8726,Indonesia,true,false
383,Fay Kik,47 Kingsford Point,,Yangjiafang,23/08/1940,226-612-3811,China,true,false
384,Walton McCrossan,1 Harper Terrace,,Taoudenni,08/06/1980,139-327-2962,Mali,true,true
385,Giulietta Torrans,2244 Mcguire Crossing,,Orhon,29/03/1974,808-829-8368,Mongolia,false,true
386,Livia Kienzle,968 Ruskin Lane,9625-414,Porto Formoso,15/10/1958,775-825-0390,Portugal,true,false
387,Boris Howchin,3 Nancy Plaza,47139,Duisburg,07/04/1970,705-330-7584,Germany,true,false
388,Napoleon Round,133 Loomis Junction,1552,Lanas,25/10/1981,742-686-4562,Philippines,false,false
389,Patricia Dennes,18 Farragut Pass,,Xihongmen,06/04/1965,343-717-7183,China,true,false
390,Deana Forsey,43 Summerview Plaza,,Sanana,12/09/2001,747-759-7364,Indonesia,false,false
391,Prue Sandison,235 Petterle Avenue,4312,Mulanay,11/06/1956,777-388-4593,Philippines,false,false
392,Charline Dimic,37409 Petterle Point,,Liuheng,06/04/1950,352-528-9143,China,false,false
393,Fidela Gagin,6 Hanson Place,98400-000,Frederico Westphalen,11/01/1942,966-395-0351,Brazil,false,false
394,Ferd Siseland,671 Fairfield Road,95852,Sacramento,29/09/1954,916-925-4805,United States,true,true
395,Wallie McRill,941 Dwight Parkway,538 62,Hrochův Týnec,08/11/1953,698-996-8606,Czech Republic,false,true
396,Koo Shaudfurth,7631 Redwing Center,,Longguang,13/10/1964,837-271-7697,China,true,true
397,Herman Elsley,55 3rd Lane,94140,Mayo,06/08/2001,759-769-8449,Thailand,true,true
398,Suzann Tadlow,3980 Algoma Drive,862 95,Njurunda,15/05/1983,338-181-3310,Sweden,false,false
399,Ingmar Powell,1 Killdeer Junction,50470,Mandi Bahāuddīn,27/04/1943,137-128-5070,Pakistan,true,false
400,Rudie Crowley,3683 Jenifer Parkway,96750-000,Butiá,28/10/1965,426-415-9824,Brazil,false,true
401,Fernanda Waltho,6 Garrison Plaza,06004,Casillas,26/10/1967,270-951-0971,Guatemala,true,false
402,Ripley Sheardown,852 Grasskamp Place,69406 CEDEX 03,Lyon,03/09/1948,736-623-0904,France,false,false
403,Judith Scrange,7 Corscot Avenue,,Xinzhou,24/04/1956,678-188-9372,China,true,false
404,Nicholle Lidgate,211 Basil Hill,88519,El Paso,17/06/1987,915-706-2672,United States,false,false
405,Andrea MacCrann,638 Dexter Circle,86723,Lazaro Cardenas,26/04/1984,499-677-5396,Mexico,true,false
406,Flory Seivertsen,76634 Bayside Road,,Santa Lucía,22/09/1974,877-579-5265,Honduras,false,true
407,Chester Mepsted,3414 Algoma Point,,Lohayong,30/11/1983,128-356-1194,Indonesia,false,false
408,Mirella Bischoff,45 Dorton Circle,59-330,Ścinawa,28/07/1962,844-618-5222,Poland,false,false
409,Hy Giacopini,07650 Arkansas Way,96750-000,Butiá,23/05/1963,549-744-6375,Brazil,true,false
410,Concettina Rydeard,6650 Michigan Lane,1064,Groblersdal,05/01/1982,435-802-7224,South Africa,false,true
411,Jerrilyn Peacham,76 Old Shore Point,,Chengui,11/10/1943,952-262-6480,China,false,false
412,Vivia Haulkham,6 Rowland Way,,Gaibei,29/09/1967,774-808-0816,China,true,true
413,Granny Beisley,8907 Susan Plaza,4118,Malabag,12/04/1945,500-812-2484,Philippines,false,false
414,Ilario Baggs,40505 Miller Road,941 28,Piteå,27/09/1995,222-927-7159,Sweden,true,false
415,Laurene Kloss,63 American Junction,1666,København,22/07/1987,592-214-6376,Denmark,false,true
416,Freddi Pople,320 Bultman Drive,J6E,Joliette,09/04/1993,276-730-2167,Canada,true,false
417,Martina Stoggles,21 Johnson Street,3700-819,Duas Igrejas,18/09/1946,492-402-9379,Portugal,false,false
418,Fayth Gyurkovics,996 Green Parkway,,Tanakbeak Daye,05/08/1969,470-721-9715,Indonesia,true,true
419,Sascha Bedward,16457 Lakewood Crossing,64-320,Buk,27/12/1992,125-679-6626,Poland,false,true
420,Veronike Edgler,1157 Harper Lane,83000,Kohlu,08/01/1953,857-211-8365,Pakistan,true,true
421,Fifine Click,7067 Calypso Drive,,Asamankese,30/03/1958,570-121-8011,Ghana,true,false
422,Perrine Bathurst,94 Longview Point,5101,La Cesira,17/10/1991,649-668-7906,Argentina,false,false
423,Tuck Hudd,4040 Clove Road,,Syriam,28/12/1976,164-854-4177,Myanmar,false,true
424,Melosa Salack,9 Eastlawn Center,4806,Panganiban,18/09/1963,366-942-9116,Philippines,true,true
425,Alexandros Culley,9250 Glacier Hill Crossing,,Bočar,19/03/1947,791-277-5705,Serbia,false,true
426,Nance Gaylord,31239 Buell Street,2000-452,Alqueidão,10/10/1951,279-954-3536,Portugal,true,true
427,Ketty Layne,894 Messerschmidt Center,4234,Tranca,08/02/1988,181-541-2583,Philippines,true,true
428,Orelie Harvison,7368 Bashford Drive,,Īlām,13/02/1982,977-355-9126,Iran,false,true
429,Alick Arnow,46386 Lyons Point,173025,Velikiy Novgorod,30/12/1950,778-720-3277,Russia,false,false
430,Anderea Gwynn,009 Westridge Avenue,,Shënmëri,08/01/1942,817-153-9361,Albania,true,true
431,Natty Heibl,1958 Golf Court,4690-588,Vila Nova,17/10/1987,193-675-1329,Portugal,false,false
432,Keith Nannoni,221 Beilfuss Trail,386245,Troitskaya,08/07/1988,924-772-4071,Russia,true,true
433,Lonna Firbank,57 Heffernan Park,63260-000,Brejo Santo,22/06/1942,324-273-5022,Brazil,false,true
434,Archibold Dawbery,83 Summit Trail,4980-559,Quinta,20/07/1997,366-788-6865,Portugal,false,true
435,Tirrell Pascho,74 Hovde Way,V2T,Claresholm,23/11/1989,566-443-7534,Canada,true,true
436,Johannes Bramstom,15881 Sunfield Junction,2485-203,Covão da Carvalha,08/02/1954,490-501-6070,Portugal,true,false
437,Emory Amys,685 Melody Lane,3743,Tintina,19/11/1990,519-885-3911,Argentina,true,false
438,Wake Spaice,47 Morrow Road,353701,Novominskaya,09/10/1951,120-850-4347,Russia,false,true
439,Richmound Lammerich,67 Brickson Park Point,,Koutsopódi,22/09/1999,159-244-4460,Greece,true,true
440,Adara Waldock,30 Jenifer Drive,,Banjar Buahan,05/07/1948,858-620-9989,Indonesia,true,true
441,Garrott Pachmann,085 Everett Street,35215,Birmingham,03/03/2000,205-102-5747,United States,true,true
442,Harley Gabbotts,1 Arizona Avenue,,Kaindy,26/01/1951,825-836-7316,Kyrgyzstan,false,true
443,Petrina Burgess,18 Red Cloud Center,,Tambulatana,20/07/1963,818-808-6302,Indonesia,false,false
444,Talia Havelin,853 Fieldstone Plaza,366404,Itum-Kali,03/06/1943,281-395-9425,Russia,false,true
445,Bennett McMurty,0 Blaine Avenue,6539,Mababanaba,16/10/1967,115-246-3640,Philippines,false,true
446,Charlene Coston,9 Anthes Center,,Zhangxiang,16/04/1961,571-826-6802,China,false,true
447,Rita Dockwray,745 Westport Court,1600,Calaya,16/09/1947,980-179-1120,Philippines,false,false
448,Talia Armsden,55 Namekagon Road,,Krutja e Poshtme,27/07/1981,519-510-0674,Albania,false,false
449,Emalee Pipes,0306 Dapin Circle,606670,Sokol’skoye,29/12/1960,200-539-1662,Russia,true,true
450,Blayne Tunno,50 Loomis Way,,Phu Loc,16/03/1966,988-667-3312,Vietnam,true,true
451,Lesley Dalby,25125 Hermina Park,84015,Benito Juarez,09/02/1955,749-580-2766,Mexico,true,true
452,Patin Dakin,096 Merry Junction,50470,Mandi Bahāuddīn,18/02/1943,718-480-9585,Pakistan,false,true
453,Korella Deniso,54689 Havey Drive,368044,Khasavyurt,06/04/1956,679-250-4828,Russia,false,true
454,Vaclav Fedynski,0525 Tennyson Street,463-0015,Otofuke,14/12/2001,815-918-1972,Japan,true,true
455,Luci Propper,9 High Crossing Terrace,186326,Novaya Derevnya,22/02/1991,540-499-3872,Russia,false,false
456,Rivy MacSweeney,7958 Carioca Pass,203067,Curumaní,12/07/1977,759-799-1257,Colombia,false,true
457,Albina McDavid,5 Magdeline Hill,6070,Lincoln,16/11/1993,840-532-1554,Argentina,false,false
458,Ofilia Grewer,2854 Elgar Avenue,747 51,Stěbořice,20/11/2003,226-436-0420,Czech Republic,true,true
459,Annalise Goldman,85052 Lillian Drive,,Ziyang Chengguanzhen,07/07/1995,682-336-8968,China,false,true
460,Corri Le Borgne,1599 Grover Way,,Al ‘Ulá,15/01/1953,993-407-1575,Saudi Arabia,false,false
461,Idalina Bastistini,73 School Junction,38161,Memphis,12/12/1988,901-131-9375,United States,false,false
462,Randie St. Pierre,29 Reinke Parkway,,Filiátes,22/06/1970,623-376-5987,Greece,true,false
463,Malva Hallick,57 Eagle Crest Court,2970-124,Covas da Raposa,06/02/1940,310-990-7471,Portugal,false,true
464,Diego Andrei,323 Dahle Crossing,20355,Opuzen,30/03/1968,930-416-0337,Croatia,true,true
465,Lorrie Extall,8 7th Circle,,Anchau,03/10/1954,811-337-1570,Nigeria,true,false
466,Isidor Drought,11681 John Wall Drive,,Anse à Galets,10/09/1981,646-849-2378,Haiti,false,true
467,Jordon Mandry,5653 Truax Crossing,3640-213,Sernancelhe,11/02/1975,998-755-8928,Portugal,false,true
468,Quincy Pippin,9797 American Ash Street,,Jinze,25/08/1955,621-371-6269,China,false,true
469,Llywellyn O'Hagirtie,04 Farwell Parkway,93584 CEDEX,Saint-Ouen,15/07/1944,282-599-3345,France,false,true
470,Lynette Ricardo,37 Morning Street,,Gros Morne,24/02/1950,700-416-8220,Haiti,true,true
471,Seline Swainger,2 Utah Parkway,,Petropavlivka,05/10/1957,261-153-0435,Ukraine,false,true
472,Ellary Abrahmovici,6 Fulton Park,,Gaocun,29/11/1984,784-148-9265,China,true,false
473,Wilbert Letchford,04 Ridgeview Junction,,Gulbene,03/04/1991,915-889-7549,Latvia,false,true
474,Leda Churchlow,68531 Lillian Lane,,Al Ḩusayn,27/09/1950,835-465-5247,Yemen,true,true
475,Ibby Drust,068 Westport Court,631-0034,Naze,13/10/1963,599-291-7886,Japan,false,true
476,Deeyn Szymoni,9477 Evergreen Way,,Shuangxiqiao,10/07/1971,563-518-2833,China,false,false
477,Elaina O' Gara,461 Rockefeller Park,,Angan,08/03/1947,673-344-2649,Indonesia,true,true
478,Bryna Kirk,63 Jenna Road,753 81,Uppsala,05/12/1948,907-969-1519,Sweden,false,false
479,Corey Blackah,230 Pierstorff Trail,18-421,Piątnica,04/11/1961,342-633-5053,Poland,false,true
480,Herman Kempstone,1 Havey Trail,,Dedza,11/09/1976,669-362-2679,Malawi,false,false
481,Nicolai Rodrig,46 Mendota Avenue,12205,Albany,18/11/1969,518-559-4655,United States,false,false
482,Darius Boldra,24 Jenifer Hill,,Huangze,22/10/1997,703-544-1398,China,true,false
483,Rosemaria Dodle,333 Waubesa Court,,Pegongan,17/06/1985,177-623-3903,Indonesia,true,true
484,Roxine Lanigan,7641 Morningstar Alley,370-2466,Kanuma,21/10/1997,464-803-7090,Japan,true,true
485,Norby Plaide,3 Scott Circle,,Jumpangdua,12/02/1981,161-531-5828,Indonesia,false,true
486,Clementius Archbutt,501 Kensington Drive,92855 CEDEX,Rueil-Malmaison,27/07/2001,729-638-2194,France,false,false
487,Rodina Swaffer,4 Colorado Terrace,,Tianning,19/12/1977,102-360-0520,China,true,false
488,Camey Goodbarne,129 Corben Road,78490,San Francisco,05/01/1993,641-329-9907,Mexico,true,false
489,Ansell Ciciura,02305 Jenifer Crossing,41033,Vabalninkas,28/11/1985,815-732-4203,Lithuania,false,false
490,Jena Gossling,3 Miller Junction,,Olleros,03/03/1985,361-306-1221,Peru,true,true
491,Bellina Linthead,3001 Fairfield Center,,Teseney,23/09/1983,732-976-2081,Eritrea,false,true
492,Allx Van Der Vlies,0 Duke Junction,1916,Vanderbijlpark,07/08/1967,308-562-0418,South Africa,true,true
493,Field Cluet,48 Oneill Parkway,42-152,Opatów,13/01/1994,673-321-5250,Poland,false,false
494,Budd Sealeaf,865 Esker Place,46781,Petaling Jaya,13/12/1960,501-276-3516,Malaysia,false,true
495,Devland Maundrell,48 Ronald Regan Court,,Sayyān,23/07/1941,840-353-8728,Yemen,false,false
496,Trixie Gradly,085 Ramsey Avenue,4525-013,Canedo,09/08/1953,191-569-0796,Portugal,false,false
497,Hewie Thebeaud,8736 Comanche Place,3501,Enrile,20/07/1978,977-273-6706,Philippines,true,true
498,Tobias Careswell,270 Center Street,,Bassar,04/11/1983,996-165-8640,Togo,true,true
499,Kaleb Bines,4265 Ludington Trail,,Baizhu,24/11/1968,613-662-7388,China,false,true
500,Lyssa Orsay,82 Laurel Avenue,,Al Fayyūm,25/04/1973,496-161-5209,Egypt,true,false
501,Aigneis Nel,0298 Oriole Lane,400 04,Trmice,11/05/1962,499-676-8384,Czech Republic,false,true
502,Cobby Cluckie,4902 Fallview Terrace,,Baru Timur,25/06/1953,603-317-5422,Indonesia,true,true
503,Farrand Studart,140 Union Park,,‘Amrān,18/04/1980,132-372-5808,Yemen,true,true
504,Sosanna Robertsen,412 Manitowish Drive,,Al ‘Āliyah,06/10/2003,188-431-5755,Tunisia,false,true
505,Shane Tejero,784 Maywood Center,,Farah,09/11/1950,935-507-0017,Afghanistan,true,true
506,Marabel Girardeau,41 Delladonna Alley,446849,Nurlat,22/08/1968,637-308-7092,Russia,true,true
507,Boonie Matthews,683 Lakeland Center,10370,Brckovljani,29/11/1984,841-639-2280,Croatia,false,false
508,Carlotta Siene,2345 Lien Center,26030,Francisco Villa,06/04/1980,862-585-3623,Mexico,true,false
509,Cicely Longland,47858 Melby Avenue,43231,Columbus,27/01/1990,614-446-2316,United States,true,true
510,Erroll Bampfield,919 Myrtle Center,,Taichung,06/01/1998,865-598-8799,Taiwan,true,true
511,Stace Berntsson,67 Gerald Court,,Awat,08/02/1970,278-757-7433,China,false,true
512,Gary Errol,39796 Porter Place,,Dahe,21/09/1976,882-457-1923,China,false,true
513,Luis Feak,20 Lien Hill,141662,Nikol’skoye,15/01/1985,920-764-8989,Russia,false,false
514,Erin Straine,6 Mayfield Place,,Tegalgede,01/01/2000,951-240-3416,Indonesia,true,false
515,Walker Hundal,90 Montana Parkway,D04,Monkstown,14/02/1983,172-856-2404,Ireland,false,false
516,Bab Evennett,69918 Meadow Vale Circle,20668,Kuala Terengganu,22/06/1990,616-903-3642,Malaysia,true,true
517,Lazar Lots,3756 Hermina Street,399778,Yelets,18/03/1976,494-674-7150,Russia,false,true
518,Lauree Merwe,143 Spaight Parkway,,Nikki,13/10/1940,922-443-3417,Benin,true,true
519,Kathye Murie,40763 Starling Road,76011,Arlington,10/02/1952,817-344-5510,United States,false,true
520,Toma Halliburton,18 School Way,618283,Shumikhinskiy,24/01/1998,978-930-8928,Russia,false,true
521,Carita Thunnercliffe,4061 Corben Center,92119 CEDEX,Clichy,31/07/1942,206-736-2665,France,true,false
522,Jeromy Blunsden,9 Pennsylvania Place,,Anhua,03/12/1976,346-391-2230,China,false,false
523,Danica McTrustram,67096 Chinook Terrace,356254,Spitsevka,09/02/1956,409-225-6974,Russia,true,false
524,Issie Grenshields,94314 Artisan Pass,,Smederevo,28/01/1997,765-203-4512,Serbia,true,false
525,Samantha Tomasik,2 Prairieview Alley,,Cilongkrang,03/03/1966,591-465-2141,Indonesia,true,true
526,Duff Cheal,374 Sycamore Road,,Oyem,05/02/1963,668-803-4259,Gabon,false,false
527,Eadith Geard,5984 Loftsgordon Point,,Manggissari,25/05/1997,983-715-6458,Indonesia,true,false
528,Alden Eastridge,84811 Westend Street,,Chiguayante,25/10/1996,270-608-7972,Chile,true,true
529,Lisa Aslam,77152 Kedzie Hill,,Citeguh,17/04/1970,394-269-2447,Indonesia,true,true
530,Melosa Schimek,9 Maywood Place,649750,Ust’-Ulagan,06/10/2000,168-749-0954,Russia,false,false
531,Nichole Anthonsen,08654 High Crossing Park,7124,Kalawit,06/04/1975,753-343-0753,Philippines,true,false
532,Kathie Gallamore,6 Badeau Parkway,,Tiassalé,01/02/1958,774-370-1887,Ivory Coast,false,true
533,Avigdor Dunbleton,01801 Waubesa Drive,,Chengyang,29/05/1975,775-663-6625,China,true,true
534,Devi Heningham,262 International Road,,Baipenzhu,16/01/1940,479-415-7762,China,true,true
535,Cchaddie Langran,41 Thackeray Hill,632514,Klyuchevskiy,25/11/2003,902-614-6576,Russia,false,false
536,Vyky Pherps,9201 Ludington Avenue,4600-757,Casal,27/12/2003,409-509-7899,Portugal,false,false
537,Raddie Aubry,7873 Forest Dale Pass,99-200,Poddębice,31/10/1973,464-416-5349,Poland,true,true
538,Trace Caplan,150 Luster Terrace,,El Benque,19/03/1953,314-845-2666,Honduras,true,true
539,Gaylor Dreye,1 Lerdahl Alley,,Tanakawu Dua,17/04/1975,685-341-2976,Indonesia,true,false
540,Tris Skae,2276 Eastwood Pass,,Shangyanzhuang,22/11/1993,745-907-2720,China,true,true
541,Pryce Furby,57249 Morrow Alley,,San Ramón,15/03/1971,790-484-1875,Uruguay,true,false
542,Jacqueline Pillington,8 Lyons Avenue,,Apengjiang,18/01/1959,241-575-4159,China,false,true
543,Garrick Steel,4063 Tony Center,07800-000,Franco da Rocha,08/11/1956,379-550-1921,Brazil,true,false
544,Justinn Predohl,77 Lotheville Terrace,,Palaiochóri,03/11/1956,958-295-7306,Greece,false,false
545,Joni Mogey,24743 Stone Corner Terrace,150501,Petrodvorets,22/04/1995,603-992-2060,Russia,true,false
546,Welch Ewing,88575 Karstens Plaza,,Itu,07/02/1974,637-137-6913,Nigeria,false,false
547,Hannis Kennerknecht,9 Mallory Junction,6901,Laingsburg,22/01/1958,522-541-6642,South Africa,false,true
548,Celestia Guittet,89 Brentwood Park,,Baganhilir,24/03/1950,494-635-4050,Indonesia,true,false
549,Bendicty Mollin,51 Bunting Alley,1206,Sydney,21/11/1945,792-264-2510,Australia,false,false
550,Shaylah Peyto,4 Glendale Road,11500-000,Cubatão,12/06/2000,419-635-4758,Brazil,true,false
551,Barris Codi,7 Daystar Court,,Umburarameha,12/01/1982,444-153-5724,Indonesia,false,true
552,Mattie Thomelin,31 Bartillon Alley,,Chaihu,28/02/1984,949-388-0024,China,false,true
553,Lyn Ferraresi,91599 Warner Avenue,,Hoeryŏng,28/05/1989,633-779-8559,North Korea,false,true
554,Adlai Pretor,391 Vidon Place,,Ciawitali,12/10/1965,887-945-5834,Indonesia,true,true
555,Etheline Kirke,6694 Fairview Place,18105,Allentown,18/04/1975,610-762-9413,United States,true,true
556,Dru Southcoat,52 Dapin Plaza,,Xijia,26/08/2002,188-584-1212,China,false,false
557,Aristotle Matfield,5 Upham Drive,92509 CEDEX,Rueil-Malmaison,09/12/1978,592-208-3462,France,false,true
558,Ricki Ludee,65 Farmco Drive,93321 CEDEX,Aubervilliers,19/08/1998,908-781-1935,France,false,false
559,Katerina Brookton,34380 Corscot Pass,,Daru,30/06/1997,925-198-2537,Sierra Leone,true,false
560,Barbra Mandry,42 Valley Edge Way,,Smiltene,16/02/1966,211-925-9270,Latvia,false,true
561,Kayle Effaunt,619 Artisan Lane,,Curanilahue,20/08/2000,849-947-7803,Chile,true,true
562,Sylvester Ewington,5080 Ridgeview Street,216507,Roslavl’,31/03/1982,727-794-6550,Russia,false,false
563,Yoshi Cassely,2 Darwin Park,56004 CEDEX,Vannes,23/08/1974,441-352-8950,France,true,true
564,Katha Lowdeane,64864 Redwing Parkway,2540-170,Casalinho,03/10/1941,400-747-8118,Portugal,false,true
565,Lorelei Milmith,975 Mallory Drive,,Yong’an,18/09/1986,619-682-6889,China,false,false
566,Itch Schroder,44 Kinsman Avenue,,Machakos,23/02/1981,551-502-1214,Kenya,false,false
567,Franky Thick,3325 Barnett Hill,,Bandaran,20/07/1974,858-641-6401,Indonesia,true,false
568,Jany Cambling,56 Mcbride Trail,851 06,Sundsvall,27/09/1989,637-785-6108,Sweden,false,true
569,Addia Lowndesbrough,0604 Ryan Center,40050,El Paraiso,16/06/1951,262-771-8947,Mexico,true,false
570,Bartlett Copes,5860 Toban Park,,Pipa,18/05/2003,680-259-0603,China,true,true
571,Vivianne Lowater,853 Riverside Park,5100-873,Estrada,20/04/1946,113-510-0190,Portugal,true,true
572,Issy Clamp,22 Longview Way,618100,Okhansk,05/01/1967,448-947-5773,Russia,true,true
573,Davita Allworthy,357 Golden Leaf Pass,,Ilām,15/05/1940,315-622-4540,Nepal,true,false
574,Isabeau Mowday,37530 Talmadge Point,,Zhonghe,30/06/1994,452-711-7970,China,false,false
575,Brody Girvan,74178 Green Terrace,6513,Santa Fe,02/10/1945,475-523-9320,Philippines,false,false
576,Lucho Philson,1 Oxford Plaza,9663,Bothaville,12/03/1968,472-284-5749,South Africa,true,false
577,Reinhold Jobin,8 Monterey Junction,,Jeminay,26/07/1967,779-134-3883,China,false,true
578,Byrle Dows,0 Drewry Plaza,,Ruihong,08/04/1978,278-534-5339,China,true,true
579,Dwight Palfrey,79240 John Wall Alley,,Ciduren,21/07/1995,827-402-7587,Indonesia,false,false
580,Otis Walbridge,4 Dorton Parkway,2170,Casilda,15/11/1968,469-726-5308,Argentina,false,true
581,Cathee Banck,24279 Roxbury Place,,Dū Laīnah,14/08/1969,540-130-1772,Afghanistan,true,true
582,Leta Ivashnyov,3 Manitowish Road,4580-634,Vilela,30/01/1993,340-335-5497,Portugal,false,true
583,Starlin Suett,93861 Knutson Crossing,,Bayt Ta‘mar,10/05/1995,908-112-8894,Palestinian Territory,true,false
584,Monti de Merida,7 Parkside Court,,Waekolong,25/12/1966,990-687-5554,Indonesia,true,true
585,Dag Hannabus,15 Weeping Birch Plaza,,Lugovoy,13/08/1997,401-451-2600,Kazakhstan,false,true
586,Melinde Tebbitt,32 Carpenter Way,59190-000,Canguaretama,06/06/1986,322-628-9442,Brazil,false,false
587,Morey Haugh,406 Texas Court,,Bungalaleng,24/05/1955,631-253-0470,Indonesia,false,false
588,Shawn Oakly,98117 High Crossing Place,,Limassol,23/11/1983,619-255-8099,Cyprus,false,true
589,Ignace Yven,526 Northview Road,,Nanger,09/10/1942,275-644-0251,Indonesia,false,false
590,Yves Snufflebottom,28039 Veith Street,95180-000,Farroupilha,10/09/1971,263-473-0695,Brazil,false,true
591,Taffy Baford,984 Redwing Parkway,969-3288,Inawashiro,05/06/1995,104-476-5167,Japan,true,false
592,Lurette Labadini,7 Mockingbird Alley,3830-017,Gafanha de Aquém,14/08/1962,842-802-6591,Portugal,true,false
593,Yoshiko Bellwood,75396 Norway Maple Way,58404 CEDEX,La Charité-sur-Loire,31/05/1947,979-403-2809,France,false,false
594,Sara-ann Deware,70 Cambridge Drive,98000-000,Cruz Alta,27/12/1952,486-753-4853,Brazil,true,true
595,Darryl Dodson,98823 Anhalt Road,,Kongolo,02/04/1969,332-848-4002,Democratic Republic of the Congo,false,false
596,Cris Kitman,3 Spenser Drive,01630,Kangar,16/06/1955,225-197-1871,Malaysia,true,true
597,Gamaliel Axtonne,35075 Arapahoe Lane,397551,Losevo,23/11/1945,138-871-3342,Russia,true,false
598,Cindie Lewsley,45126 Lyons Junction,,Mrganush,28/06/1997,938-555-5078,Armenia,false,true
599,Dorette Pigne,757 Harbort Hill,,Nor Gyugh,18/11/1973,282-660-6709,Armenia,false,true
600,Elston Maber,704 Hooker Park,,Ţāmiyah,09/09/1989,659-172-9082,Egypt,false,true
601,Tanney Wyeld,3 Loftsgordon Pass,,Tangyu,17/11/2001,727-954-2584,China,false,false
602,Cherilynn Cussen,68 Luster Court,849-5131,Karatsu,12/04/1964,730-341-8214,Japan,true,true
603,Durante Newitt,502 Anzinger Pass,452857,Krasnokholmskiy,28/09/1978,399-383-6200,Russia,false,true
604,Gustie Brugemann,67623 Toban Plaza,,Telmin Suma,16/09/1961,823-286-2078,Mongolia,false,true
605,Jesse Cammiemile,8070 Ridgeway Drive,16012,Cahabón,06/02/1959,356-903-9743,Guatemala,true,true
606,Cyrillus Salkeld,925 Armistice Place,,Pelabuhanratu,17/10/1960,919-755-1808,Indonesia,true,false
607,Colet MacNeil,4 Boyd Parkway,238158,Chernyakhovsk,11/11/1971,639-215-0995,Russia,true,false
608,Gabrielle Briereton,73634 Blue Bill Park Parkway,,Redakodi,09/02/1940,786-986-6497,Indonesia,true,false
609,Melanie Barns,91 Butterfield Court,,Lisui,18/05/1980,315-529-4849,China,true,false
610,Dulci Beumant,9266 Warbler Lane,4480-493,Touguinha,17/01/1955,441-222-9641,Portugal,true,false
611,Yul Cownden,10331 Oxford Crossing,,Vaitape,22/03/1977,910-194-1868,French Polynesia,true,false
612,Dotti Loveredge,45 Hazelcrest Drive,,Independencia,07/05/1957,766-996-3180,Peru,true,true
613,Augusta Guilloton,2211 Grim Hill,4805-178,Donim,22/09/1987,428-113-4240,Portugal,true,false
614,Abrahan Britto,11371 Stoughton Center,7479,Trondheim,20/03/1942,854-662-5990,Norway,false,false
615,Wat Strutt,758 Iowa Circle,,Duba,07/10/1946,803-778-7003,Saudi Arabia,false,false
616,Elisabeth Polley,7506 Sherman Circle,164020,Zarechnyy,28/03/1995,719-593-6471,Russia,false,true
617,Dena Mulroy,248 Loftsgordon Parkway,8934,Leeuwarden,27/03/1971,312-529-2025,Netherlands,false,true
618,Gabi Pitcock,2170 Kensington Street,,Waigete,04/03/1966,554-607-9318,Indonesia,false,false
619,Sheri Anselmi,9 Cordelia Street,,Manggekompo,28/08/1967,206-467-0444,Indonesia,true,true
620,Theressa Gonsalvez,0405 Marquette Lane,97670,Ouangani,14/12/1990,922-486-2872,Mayotte,false,true
621,Ezequiel Fere,559 Carpenter Street,,Drohobych,19/02/1982,589-200-6621,Ukraine,false,false
622,Hendrika Matushevich,3458 Briar Crest Plaza,2706,San Esteban,28/03/1975,339-134-3029,Philippines,false,true
623,Marena Trimbey,7 Mockingbird Avenue,,Zhaotong,17/09/1971,816-365-4216,China,true,true
624,Cathy Longmate,290 Holmberg Center,,Cajacay,13/03/1994,784-210-7911,Peru,false,false
625,Ring Kilvington,68 Holmberg Avenue,152835,Myshkin,02/12/1998,939-172-5825,Russia,true,false
626,Leanna Flatt,05 John Wall Park,142279,Obolensk,01/10/1992,883-796-5519,Russia,true,true
627,Letty Agastina,255 Hallows Street,83-230,Smętowo Graniczne,02/01/1972,485-252-1676,Poland,false,true
628,Virgil Aspital,7 Northland Junction,,Talu,16/02/1977,552-349-7295,Indonesia,false,true
629,Hi Newtown,174 Crownhardt Terrace,,Danxi,19/07/1989,989-783-0450,China,false,false
630,Levey Scinelli,175 Holy Cross Circle,,Baoyang,30/10/1993,928-169-5150,China,false,false
631,Crysta Ianinotti,92 Continental Drive,,Helang,14/01/2000,280-648-9516,China,true,true
632,Tabb MacFadzan,60929 Moland Plaza,,Santa Rosa,08/04/2003,339-820-6862,Peru,false,true
633,Rosanna Cuttell,7977 Grasskamp Pass,,Loma Alta,30/07/1990,849-907-9232,Honduras,false,false
634,Ingram Dickman,7 6th Hill,,Yezhi,10/06/1943,605-755-2496,China,true,false
635,Frederique McColl,35120 Crownhardt Circle,25215 CEDEX,Montbéliard,14/02/1967,442-615-8113,France,false,true
636,Aleta D'Arrigo,6 Warbler Place,,Rengang,05/11/1976,362-886-6847,China,false,false
637,Buddie Taillard,431 Cardinal Terrace,,Fengren,23/06/1953,534-560-6309,China,true,true
638,Yasmin Baumber,3 High Crossing Lane,140732,Roshal’,22/07/1950,280-838-0954,Russia,false,false
639,Leonard Jira,05 Kingsford Crossing,,Beibei,01/01/1981,330-789-5934,China,false,true
640,Fredi Jiroutek,7077 Judy Parkway,98168,Messina,21/12/1971,752-180-0744,Italy,true,false
641,Laura Stock,197 Lakewood Gardens Avenue,,Dashi,19/11/1979,380-696-9727,China,true,true
642,Liliane Castillo,8821 Kropf Court,,Xiajiashan,21/03/1976,851-719-9955,China,false,true
643,Ana O'Meara,5 Shelley Avenue,,Kapsan-ŭp,01/10/1949,307-736-2697,North Korea,true,false
644,Maryrose Prandi,7061 Mandrake Circle,,Houndé,18/04/1992,268-638-1533,Burkina Faso,true,false
645,Tersina Di Nisco,68046 Golf View Place,E1W,Lac La Biche,11/07/2000,162-718-5048,Canada,false,true
646,Hershel Pavolillo,228 Trailsway Hill,6801,Pansoy,07/02/1948,458-920-0526,Philippines,true,false
647,Susi Palfreeman,3736 Rutledge Way,,Pailin,10/11/2003,165-589-8860,Cambodia,false,false
648,Chicky Persse,15 3rd Court,,Kalapagenep,02/12/1972,748-473-1997,Indonesia,false,true
649,Amelie Millom,79727 Farmco Point,,Chợ Mới,13/07/1958,676-920-5326,Vietnam,true,false
650,Mandie Deacock,286 Prairieview Hill,,Shengze,26/11/1974,676-857-8531,China,false,true
651,Heidie Syred,968 Morningstar Junction,,Sindangjawa,30/07/1946,334-896-3202,Indonesia,false,true
652,Matthiew Straine,4339 Sycamore Avenue,3114,Buan,23/04/1965,768-163-0459,Philippines,true,false
653,Lock Yakovitch,5 Duke Terrace,56700,San Diego,11/07/1981,931-580-0102,Mexico,false,false
654,Rourke Sissland,23 Cherokee Crossing,2840,Gualeguay,18/05/1977,934-753-0788,Argentina,false,false
655,Elliot Humpherston,4586 Lighthouse Bay Park,,Lewopao,04/12/1950,365-402-7529,Indonesia,false,true
656,Gracia Stammler,24 Sachs Drive,59-305,Rudna,05/10/1946,519-395-1728,Poland,false,false
657,Lynne Flores,8779 Leroy Drive,8112,Santo Tomas,22/03/1966,456-616-2952,Philippines,true,true
658,Pooh Pelham,4 Thompson Terrace,5590,La Paz,24/03/1981,195-759-1239,Argentina,true,false
659,Annemarie McIlvaney,1 Erie Center,,Talun,29/09/1982,750-212-6959,Indonesia,false,true
660,Natty Hudspeth,68 Cascade Park,59071,Hamm,18/05/1997,597-194-8988,Germany,false,false
661,Consalve Brosius,25650 Village Way,176048,Palestina,07/06/1982,586-191-2865,Colombia,false,false
662,Ashley Pittham,0 West Hill,330 26,Tlučná,12/11/1942,571-789-3087,Czech Republic,false,false
663,Hynda Chewter,09773 Hooker Trail,,Xinsheng,24/05/1946,325-564-4289,China,true,true
664,Farris Smoote,5 Springview Pass,652809,Osinniki,17/02/1980,223-389-9258,Russia,true,true
665,Ginger Boswell,9 Mosinee Junction,LE15,Normanton,31/03/1956,780-764-3757,United Kingdom,false,false
666,Pauly Skeels,0 American Trail,,Tirapata,22/08/1951,496-540-2457,Peru,false,false
667,Dilly Shetliff,87 Kings Terrace,,Luzhou,01/06/1964,539-226-6210,China,true,true
668,Sauncho Iddy,8268 Manley Avenue,66-120,Kargowa,29/07/1955,762-867-4210,Poland,true,false
669,Packston Mandeville,871 Del Sol Place,655340,Bograd,27/11/1943,371-232-5564,Russia,false,false
670,Valma Liddy,78 Schmedeman Point,,Yingzai,23/11/1968,799-342-9538,China,false,true
671,Ludwig Danielot,25690 Oak Valley Point,,Utkivka,12/06/1973,261-875-3880,Ukraine,false,false
672,Rosabelle Elcom,59 Mallory Terrace,,Jega,18/01/2003,846-324-3278,Nigeria,false,false
673,Billi Martins,9 Straubel Parkway,26009 CEDEX,Valence,19/06/1977,362-408-6280,France,true,false
674,Rowen Crystal,55017 Fairfield Center,,Cipadung Timur,23/04/1986,820-482-6054,Indonesia,false,true
675,Nola Keming,788 Homewood Park,52000,Lampang,31/07/1941,525-137-3914,Thailand,false,false
676,Koralle Ryam,14 Laurel Alley,45426,Dayton,01/07/1988,937-402-6503,United States,true,false
677,Demetri Presshaugh,96 Melby Street,,Corani,28/06/1950,888-808-9417,Peru,false,true
678,Jillayne Mouton,288 Redwing Plaza,,Qal‘at al Andalus,26/01/1985,808-805-6165,Tunisia,true,false
679,Fowler Geeve,242 Bellgrove Park,,Guanyao,20/01/2000,540-335-6246,China,false,true
680,Mil De la Yglesia,182 Russell Trail,4510-469,Fanzeres,08/01/1965,545-397-8600,Portugal,true,false
681,Arnold Meindl,16061 Atwood Alley,,Lueng Putu,31/01/1968,888-864-8417,Indonesia,true,true
682,Vi Jon,443 Hauk Center,,Kaiyuan,19/07/1964,606-350-3901,China,false,false
683,Eldredge Portwain,351 Cordelia Road,,Fenglin,14/06/1974,946-930-0707,China,false,false
684,Luther O'Duggan,05 Charing Cross Avenue,1623,Santa Catalina - Dique Lujan,18/08/1950,921-421-4804,Argentina,true,false
685,Dalis Curryer,959 Dayton Crossing,789 74,Horní Libina,21/11/1990,652-426-9946,Czech Republic,false,true
686,Ophelia Bayston,2 Sunfield Drive,,Shambu,16/05/1956,204-363-3274,Ethiopia,false,false
687,Hersh Grandin,28982 Esker Circle,,Terpinnya,22/09/1944,429-137-8158,Ukraine,false,false
688,Aindrea Clowser,7305 Sunfield Alley,,Néo Psychikó,01/01/1998,920-967-6219,Greece,false,false
689,Darb Rivalant,32190 Forest Run Park,675 55,Hrotovice,18/07/1960,962-709-3664,Czech Republic,true,true
690,Ki Bavester,67658 Clove Pass,2820-023,Aroeira,23/06/1981,443-428-2277,Portugal,false,true
691,Thornie Trimnell,65 West Park,09-530,Gąbin,19/07/1989,494-863-8509,Poland,false,true
692,Emmery Mc Gaughey,0 Fieldstone Pass,426-0025,Fujieda,18/01/2002,234-596-2141,Japan,true,true
693,Ingaborg Millsom,96668 Talmadge Junction,4600-741,Casa Nova,21/01/1985,629-274-7109,Portugal,false,false
694,Byrle Betjeman,24 Reinke Way,,Chuquitira,25/09/1995,878-162-8889,Peru,true,false
695,Evelyn Pawley,439 Algoma Crossing,20910,Silver Spring,25/09/2002,202-185-2575,United States,true,false
696,Rosamund O' Hanvey,81251 Sachs Crossing,361326,Psygansu,02/04/1948,103-847-7503,Russia,false,true
697,Gilli Procter,5 Kennedy Alley,4640-545,Sobreira,11/09/1946,759-313-5690,Portugal,false,false
698,Colan Lant,378 Armistice Street,,Klishkivtsi,15/07/1992,185-931-9217,Ukraine,true,true
699,Stormy Dougal,96 Mandrake Center,19200-000,Pirapozinho,13/11/1969,205-759-7840,Brazil,false,true
700,Georgianne Cackett,668 Kim Drive,,Beidao,23/07/1977,774-170-8359,China,true,true
701,Arabelle Espasa,99 Barby Plaza,13592 CEDEX 3,Aix-en-Provence,03/12/1963,172-427-6658,France,false,false
702,Thacher Sparkwell,03335 Waubesa Trail,7109,Katipunan,24/01/1979,511-593-2686,Philippines,true,true
703,Lilla Forsard,4769 Lyons Street,21900 CEDEX 9,Dijon,06/02/1972,274-523-2592,France,false,true
704,Alexandra Antrag,94 Hudson Plaza,,Cumanacoa,07/06/1967,331-700-2223,Venezuela,true,true
705,Avram Maylin,217 Gateway Drive,38030 CEDEX 2,Grenoble,29/09/1999,104-795-9823,France,true,false
706,Con Mastrantone,36897 Michigan Park,,Yueyang,17/05/1991,189-158-6375,China,true,true
707,Thorpe Rubinsohn,12114 Starling Point,,Qiting,17/11/1997,684-232-3719,China,false,false
708,Electra MacNalley,716 Schurz Point,,Chao,12/11/1989,197-134-7262,Peru,false,true
709,Giustino Kemet,477 Red Cloud Avenue,,El Fasher,17/06/1973,408-625-1315,Sudan,true,false
710,Torre Measures,0 Main Center,26-337,Aleksandrów,04/02/1983,445-298-7001,Poland,false,false
711,Alie Bainbrigge,92977 Holy Cross Place,,Chinch'ŏn,11/12/1941,747-117-7947,South Korea,false,false
712,Lowrance Gounot,0048 Donald Circle,,Tantu,07/09/1998,775-901-8374,China,false,true
713,Celia Grange,798 Londonderry Terrace,,Beskolen,25/10/1974,859-419-5651,Indonesia,false,true
714,Dniren Snartt,38055 Redwing Pass,,Chongwen,07/12/1991,831-367-3237,China,true,false
715,Conrado Hammarberg,05 Claremont Junction,74116,Tulsa,01/11/1954,918-479-1881,United States,false,true
716,Tate Warin,1 Clove Park,01462,Dresden,09/05/1974,769-420-1262,Germany,true,true
717,Barbaraanne Dunridge,244 Pond Place,798 26,Nezamyslice,25/11/1960,950-649-5744,Czech Republic,false,false
718,Waverley Besant,727 Jay Avenue,939-1351,Sendai,02/04/1952,713-924-6417,Japan,true,true
719,Dyann Shadrach,36 Canary Place,40140,Nam Phong,20/04/1980,279-380-0455,Thailand,true,false
720,Shana McJerrow,9 Oneill Point,442185,Rtishchevo,21/06/1981,308-407-7036,Russia,true,false
721,Damita Pawelec,9445 Bonner Drive,88-180,Złotniki Kujawskie,08/09/1951,142-397-5911,Poland,false,false
722,Dorey Caustic,119 Luster Terrace,4415-092,Pedroso,03/03/1956,578-209-7920,Portugal,false,true
723,Florance Girogetti,3 Emmet Way,34747 CEDEX,Vendargues,12/04/1967,792-579-7273,France,false,false
724,Ramsay Mitchall,8221 Maple Wood Drive,,Shetangpo,27/06/1970,647-605-4416,China,true,false
725,Geralda Chuney,6 Vera Center,,Sanming,07/01/1998,226-548-9527,China,false,true
726,Miner Casley,80050 Miller Way,,Dabai,05/08/1990,485-110-7848,Nigeria,true,true
727,Dani Cross,19 Russell Circle,,Sanchahe,24/07/1973,889-276-6883,China,false,true
728,Alyda Corrie,24 Brentwood Avenue,,Antequera,27/07/1957,404-664-8603,Paraguay,true,false
729,Esta MacGown,8846 Boyd Junction,8950-355,Odeleite,29/07/1967,348-976-3975,Portugal,true,true
730,Samaria Nucator,42 Bunting Hill,,El Cantón,25/03/1952,380-594-4095,Venezuela,true,false
731,Janeta Porritt,6 Park Meadow Alley,26130,Pak Phli,04/02/1969,532-869-1510,Thailand,true,false
732,Kara-lynn Shutler,826 Harbort Circle,,Eg-Uur,18/01/1944,884-111-8643,Mongolia,true,true
733,Morly Menzies,66 Eastlawn Trail,433710,Pavlovka,27/05/1948,403-423-6121,Russia,true,false
734,Marlo Orme,72402 Lakeland Way,,Huanghai,20/05/1957,145-669-8768,China,true,true
735,Man Coda,770 Hansons Circle,2424,Konče,02/10/1942,913-187-0186,Macedonia,false,false
736,Stacey Fieldstone,87760 Butterfield Hill,4615-424,Rio,07/01/1968,979-819-6304,Portugal,false,true
737,Sheffield Spores,1534 Stang Circle,05590,Alor Setar,29/01/1967,819-974-5339,Malaysia,false,false
738,Bendix Irnys,9004 Magdeline Street,,Xinqiaohe,04/06/1998,291-120-9753,China,false,false
739,Cozmo Barrass,9 Declaration Circle,,Gul’cha,31/10/1958,421-194-6243,Kyrgyzstan,true,true
740,Rosmunda Pales,1961 Mandrake Parkway,9021,Libertad,13/04/1987,530-382-1396,Philippines,false,false
741,Alford Eyam,5187 Scofield Terrace,16919 CEDEX 9,Angoulême,09/05/1961,533-963-6162,France,false,false
742,Gorden Hug,032 Prairie Rose Circle,,Semenivka,14/08/1994,577-459-8113,Ukraine,true,true
743,Pansy Shoemark,2 Mcguire Avenue,763558,Pradera,07/03/1959,952-916-2342,Colombia,false,true
744,Luce Pulver,28968 Hallows Court,,Chadiza,31/05/1979,264-983-7021,Zambia,true,false
745,Vince Strivens,14 Aberg Place,,Majin,30/12/1952,828-325-1073,China,true,true
746,Shepperd Kordes,28771 Coleman Avenue,,Kabale,13/08/1943,692-533-0601,Uganda,true,false
747,Conny Guinane,74829 Del Sol Crossing,,Sukmoilang,22/01/1959,695-845-2355,Indonesia,false,true
748,Chelsae Suddards,71 Golf View Drive,,Baja Mar,17/02/1997,453-396-7476,Honduras,true,true
749,Andrea O'Hannay,5458 Holy Cross Parkway,11558,Katunayaka,23/01/1959,924-890-0433,Sri Lanka,false,false
750,Essie Sirett,32318 Alpine Terrace,,Fāmenīn,08/10/1966,741-480-3045,Iran,false,true
751,Dion Marquez,00095 Moose Junction,,Gangbei,14/06/1951,409-961-0747,China,false,true
752,Tabby Giorgio,39859 Colorado Center,,Majengo,06/07/1956,702-167-2030,Tanzania,true,true
753,Tracie Portail,3 Doe Crossing Center,24120,Chon Buri,27/09/1994,987-321-7872,Thailand,false,true
754,Sherman Shury,9374 Division Street,,Tegalagung,02/09/1991,810-257-2587,Indonesia,false,true
755,Ivory Ferie,94 7th Hill,44130,Borabue,08/05/1951,298-179-9739,Thailand,true,false
756,Ernesto McLernon,267 Main Pass,58790-000,Pedra Branca,29/12/2002,595-471-4040,Brazil,true,false
757,Sancho Alvey,3720 Lawn Place,,Huangnaihai,25/04/1941,473-130-6152,China,false,false
758,Kingston Harverson,6870 Service Hill,,Shichuan,08/11/1953,752-676-0858,China,true,true
759,Fidelity Crufts,8048 Sullivan Road,0801,Pinagsibaan,17/05/1961,421-266-0750,Philippines,false,false
760,Elbertina Volet,59791 Kennedy Terrace,4105,Tafí Viejo,19/11/1943,579-297-9730,Argentina,false,true
761,Jenica Mapston,578 Calypso Plaza,,Anyu,01/04/1964,237-992-2460,China,false,true
762,Peg Alexandrou,6166 Fisk Lane,,Belang,23/04/2000,440-487-4356,Indonesia,true,true
763,Deane Slemming,21 Mallard Park,131567,Santa Lucía,28/09/1965,261-698-0334,Colombia,true,true
764,Xena Ribchester,20 Dovetail Place,2705,Alae,12/10/1991,853-158-2967,Philippines,false,false
765,Lurlene Jedrzejczyk,327 Scoville Alley,,Port Harcourt,20/11/1976,361-803-2023,Nigeria,true,true
766,Gustavus Ralton,432 Jenna Circle,,La Estancia,26/04/1950,538-950-9551,Honduras,false,false
767,Major Ambroziak,7273 Gerald Road,,Nueva Gorgona,01/09/1945,924-539-6760,Panama,false,true
768,Ewell Fayers,115 Carpenter Road,96120,Su-ngai Kolok,21/09/1940,979-128-4101,Thailand,false,false
769,Reinold Scardifield,4 Mayfield Drive,22309,Alexandria,23/02/1967,202-632-2013,United States,true,true
770,Corabella Batson,918 Blaine Court,,Nanzhihui,25/12/1953,667-235-5674,China,true,false
771,Sarah Saywood,6 Bunting Trail,4900,Masiga,29/06/1962,357-166-1945,Philippines,false,true
772,Andonis Ovill,686 1st Park,6500,Svilengrad,09/12/1960,447-179-9718,Bulgaria,true,false
773,Cirilo Yurivtsev,45 Anderson Pass,,Tamra,09/08/1948,755-635-3126,Israel,false,false
774,Mylo Dudill,5 Hauk Crossing,,Lijia,06/02/1998,803-408-2285,China,false,true
775,Vivi Balas,59 East Pass,747 43,Gimo,05/10/1994,464-806-7506,Sweden,false,false
776,Alida Petrushka,56777 International Court,368328,Levashi,10/04/2000,263-294-1233,Russia,false,false
777,Jeannine Shires,76940 Boyd Alley,831 37,Östersund,19/07/1976,718-146-3691,Sweden,false,true
778,Anneliese Davioud,347 Browning Terrace,,Nāḩiyat Hīrān,12/06/1995,565-876-3957,Iraq,true,true
779,Morton Campanelli,913 Golden Leaf Point,,Liantan,05/05/1961,195-820-6922,China,false,false
780,Keven Maasz,39617 Parkside Parkway,1050,Bruxelles,09/03/1954,212-487-8472,Belgium,true,true
781,Towney Patterfield,4 Trailsway Junction,34160,Det Udom,10/12/1944,682-905-1966,Thailand,true,true
782,Julieta Annandale,561 Browning Alley,4762,Teknāf,22/02/1962,106-237-7979,Bangladesh,true,false
783,Hugo Blaver,7 Evergreen Point,,Ciparakan,30/06/1945,373-417-7197,Indonesia,true,true
784,Graig Fallow,20638 Arizona Lane,,Quimistán,25/10/1993,759-957-1230,Honduras,false,true
785,Elle Kleinholz,2264 Prentice Lane,,Sūq Şirwāḩ,19/10/1961,723-345-3035,Yemen,true,true
786,Correy Ginty,2050 Summerview Place,,Béja,08/12/1967,268-240-5864,Tunisia,false,true
787,Benedicto Coldbreath,0 Iowa Place,,Bobojong,11/12/1979,722-552-6594,Indonesia,false,true
788,Towney Tolan,0 Scott Junction,,Touba,22/07/1978,802-517-7138,Ivory Coast,false,false
789,Hector Stoter,49 Pankratz Avenue,,Abu Dhabi,24/12/1961,970-838-2354,United Arab Emirates,true,true
790,Di Lightning,2 Lien Place,,Dali,17/03/1971,316-863-1617,China,false,true
791,Cindelyn Bulfoot,91 Monterey Junction,628240,Sovetskiy,01/03/1953,499-437-5892,Russia,false,true
792,Leila Lemon,5 Haas Hill,,Lianhua,10/03/1964,758-763-9262,China,true,false
793,Vic McOwen,593 Briar Crest Court,59290-000,São Gonçalo do Amarante,07/01/1941,475-942-5468,Brazil,true,true
794,Giacinta Baigent,3766 Meadow Ridge Hill,OX7,Dean,31/10/1965,762-565-3253,United Kingdom,true,true
795,Terri Mulqueeny,19 Utah Plaza,,Aucallama,08/06/2001,811-635-4550,Peru,false,false
796,Sean Audrey,497 Oneill Center,,Hậu Nghĩa,10/12/1972,500-539-5179,Vietnam,true,false
797,Trixie Grayer,9248 Miller Court,440999,Penza,06/09/1944,442-345-5471,Russia,true,false
798,Kristan Northley,67 Hoard Point,,Pelileo,19/04/1944,323-239-4648,Ecuador,false,true
799,Eimile Illsley,09 Pine View Terrace,,Yasynuvata,16/01/1972,754-149-5373,Ukraine,true,true
800,Jarred Matthai,91 Toban Road,,Quba,16/02/1945,269-217-2422,Azerbaijan,false,true
801,Sonni Schuh,550 Trailsway Way,14140-000,Cravinhos,24/06/2002,207-601-8295,Brazil,true,true
802,Tomi Figliovanni,27325 Service Road,9222,Burirao,28/03/1945,505-985-2879,Philippines,false,true
803,Nanon Cashman,5357 Butterfield Center,,Kokas,26/05/1965,266-185-3001,Indonesia,false,false
804,Camellia Foy,4390 Randy Terrace,,Ialibu,17/04/1988,831-958-0455,Papua New Guinea,false,false
805,Barb Van den Velde,18 Chinook Plaza,,Los Dos Caminos,30/08/1997,827-225-7368,Venezuela,false,true
806,Tildie Matley,5987 Chinook Street,,El Zapotal del Norte,22/01/1996,372-390-1372,Honduras,false,true
807,Laural Fullbrook,3 Dottie Center,,Youhao,23/07/1961,394-199-9875,China,false,false
808,Cassaundra Kay,97 Londonderry Pass,,Huilongshan,13/08/1982,636-671-6604,China,false,true
809,Robers Darby,3860 Randy Crossing,,Paungde,17/06/1972,601-322-2499,Myanmar,true,false
810,Terrell Lermit,7129 Knutson Street,,Ampasimanolotra,01/08/1957,455-326-3567,Madagascar,true,false
811,Thorn Eustace,0573 Mesta Drive,68947 CEDEX 9,Mulhouse,04/11/1954,326-511-4931,France,true,true
812,Willi Lorenzetti,98 East Way,,Şūr,14/08/1944,335-953-9800,Oman,true,false
813,Allyn Harnwell,47959 Jenna Drive,162139,Sokol,11/11/1964,677-368-0688,Russia,true,true
814,Randall Greenhow,52474 Dexter Trail,,Huangyuan Chengguanzhen,09/01/2002,779-123-0062,China,true,false
815,Ric Gollard,73 Old Shore Terrace,,Loúros,16/08/1994,211-133-7134,Greece,false,false
816,Jeno Akess,4074 8th Court,,Manding,23/06/1987,416-626-9438,Indonesia,true,true
817,Tabb Magor,7 Mallard Hill,12205,Albany,06/07/2002,518-540-1609,United States,true,false
818,Ricky Krollmann,77 Anniversary Avenue,2436,Kisela Voda,26/01/1945,486-274-5125,Macedonia,true,true
819,Tomaso Childes,26 Pepper Wood Point,,Wujiayao,18/11/1978,421-721-1966,China,true,false
820,Iago Ritchings,69 Vera Avenue,,Yousheng,18/04/1968,666-227-7692,China,true,false
821,Way Martinec,32990 Basil Circle,1235,Sydney South,16/09/1985,354-459-7716,Australia,true,false
822,Lonny Benthall,1849 Fieldstone Point,,Dingdian,07/03/1999,455-512-9086,China,true,false
823,Lazare Philippault,79474 Calypso Parkway,663008,Santuario,11/07/2001,821-166-0606,Colombia,true,false
824,Beau MacGraith,4876 Moose Pass,731 33,Köping,16/07/1993,655-897-1363,Sweden,true,true
825,Rozalin Oxlee,83010 Westport Pass,,Lulindi,28/01/1954,168-217-3424,Tanzania,false,true
826,Miller Billings,855 Glacier Hill Street,90189,Los Angeles,16/01/1979,213-108-8421,United States,true,false
827,Adriaens Larkworthy,351 Melby Circle,,Daitou,31/12/2000,940-631-9726,China,true,true
828,Konstantine Gillivrie,5688 Walton Avenue,,Longnan,08/09/1952,965-215-4133,China,true,false
829,Ami Rasmus,35515 Amoth Point,,Tshikapa,29/02/1972,159-744-1258,Democratic Republic of the Congo,true,false
830,Regina Ure,5064 1st Alley,,Séguéla,06/02/1957,449-271-3660,Ivory Coast,false,true
831,Laurens Kibbe,6 Marquette Plaza,,Huanan,02/12/1962,376-224-0962,China,false,false
832,Josi Gerrels,2378 Mcguire Place,,Kimaam,19/07/1941,914-538-9576,Indonesia,true,false
833,Theodore Penhaligon,5 Sherman Point,,Jiaoxie,08/04/1971,493-402-0527,China,false,true
834,Barbabra Runchman,7400 Logan Hill,50281,Mehmand Chak,04/10/1946,544-765-6446,Pakistan,true,false
835,Dominique Sturton,6965 Mccormick Terrace,92127,San Diego,27/09/1996,619-247-5246,United States,true,false
836,Melonie Tansill,1 Hintze Parkway,,Mekarsari,10/05/1991,559-503-2345,Indonesia,true,false
837,Petey Soares,6863 Fairfield Plaza,,Najrān,30/12/1970,364-599-2131,Saudi Arabia,true,true
838,Dion Rakes,40 Amoth Circle,,Linchen,23/01/1987,834-428-4947,China,true,true
839,Drugi Swapp,9527 Arrowood Center,,Jinshan,25/11/1985,204-455-5733,China,false,false
840,Imogen Nyssens,15964 Brickson Park Street,,Kutacane,11/04/1970,201-495-5243,Indonesia,false,true
841,Haroun Dellenbrook,8 Drewry Junction,,Beihe,19/08/1981,270-571-0065,China,false,true
842,Elwyn O' Reagan,94983 Kedzie Park,31215,Ernestinovo,08/02/1959,904-384-1818,Croatia,false,false
843,Sylvester Georghiou,95657 Gulseth Pass,396310,Novaya Usman’,18/07/1953,238-824-0537,Russia,true,false
844,Hynda Escoffier,0965 Veith Park,,Xiniu,27/02/1989,487-435-3345,China,true,false
845,Lory Gorvin,65 Daystar Hill,,Bao’an,08/11/1999,783-394-4704,China,true,false
846,Olivia Dreng,21922 Spenser Terrace,47707,La Cruz,01/08/1943,787-460-0465,Mexico,false,false
847,Maisie Willcock,0697 Montana Hill,38-458,Chorkówka,25/10/1955,931-601-9852,Poland,true,false
848,Lester Hathway,5 Magdeline Crossing,,Itauguá,10/02/1945,615-130-6175,Paraguay,false,false
849,Arron Lambal,7648 Corscot Center,,Muli,21/02/1974,248-570-5425,China,true,false
850,Berny Haskett,28538 Artisan Drive,668510,Turan,02/01/1991,116-531-2974,Russia,false,false
851,Trudi Indge,2129 Bayside Street,,Shanglian,20/04/1977,652-966-7792,China,true,true
852,Byram Buxcey,3 Victoria Circle,,Malati,05/01/1983,945-974-3093,Indonesia,false,false
853,Earl Semarke,4570 Melody Parkway,,Verin Dvin,25/09/1970,610-686-2079,Armenia,true,false
854,Robena Honig,00 Mallard Hill,681 54,Kristinehamn,02/10/1949,418-622-5454,Sweden,false,true
855,Whitney Conklin,8 Kennedy Alley,,Samur,01/05/1992,869-288-6480,Azerbaijan,false,false
856,Clayson Adolthine,2654 Vermont Court,,Pasirpanjang,13/12/1977,947-710-9919,Indonesia,true,true
857,Marleen Hakey,533 Bunker Hill Hill,216245,Sosnovka,19/03/1981,666-767-8212,Russia,false,true
858,Tuck Onn,53880 Bowman Center,12006,San Miguel Ixtahuacán,19/02/1945,839-199-4017,Guatemala,false,true
859,Dora Room,8313 Surrey Crossing,238548,Svetlyy,03/06/1965,842-525-8306,Russia,true,true
860,Myles Tousy,12 Debs Avenue,,Yihe,24/10/1959,996-401-7319,China,true,true
861,Lanny Cantopher,8 Continental Circle,56800-000,Afogados da Ingazeira,08/04/1995,304-362-2953,Brazil,false,true
862,Winny Allsebrook,33758 Cordelia Way,,Suwaduk,30/03/1998,366-390-5086,Indonesia,true,true
863,Ginni Raigatt,12 Helena Court,,Dahuang,24/12/1940,208-115-7113,China,false,false
864,Roarke Pirrie,138 Cody Court,,Accha,12/03/1949,475-514-7156,Peru,true,true
865,Rhody Figgs,251 American Ash Road,,Zográfos,17/03/1945,589-337-2768,Greece,true,false
866,Ricki Camacke,8 Jenna Terrace,,Sakété,29/12/1955,683-880-1356,Benin,true,true
867,Reggie Lutton,1114 Towne Lane,,Mchinji,15/03/1965,191-998-3934,Malawi,true,false
868,Brade Titcomb,43953 Sundown Terrace,,Lop,19/03/1999,470-785-7611,China,false,false
869,Isahella Habbershon,608 Browning Avenue,,Xingcheng,02/02/1965,957-498-3103,China,true,true
870,Penn Fairman,70742 Twin Pines Road,13800-000,Mogi Mirim,16/11/1946,608-895-4453,Brazil,false,true
871,Adan Rudham,05 Lindbergh Parkway,BT2,Belfast,08/03/2003,659-304-6565,United Kingdom,false,false
872,Felizio Stonhouse,0 Walton Alley,,Kafir Yasif,11/02/2000,398-624-9053,Israel,false,false
873,Dorisa Brocklebank,72 Butternut Park,,Growong Kidul,03/05/1944,281-844-5366,Indonesia,true,false
874,Rebekkah Talboy,43223 1st Drive,40266,Louisville,15/04/1972,502-890-5682,United States,true,false
875,Gaile Brushfield,37 Cascade Alley,,Kanshan,01/02/1987,286-802-0430,China,true,true
876,Frants Brandle,45 Redwing Crossing,,Jipijapa,20/11/1998,701-365-4215,Ecuador,false,false
877,Hewie Jubb,0 Rigney Lane,,Dhahab,09/08/1964,215-507-1611,Egypt,true,false
878,Warden Orrell,29 Harbort Parkway,252 46,Vrané nad Vltavou,12/03/1951,822-831-2082,Czech Republic,true,false
879,Jaclin Linke,8049 Bashford Crossing,,Mengcheng Chengguanzhen,24/01/1993,583-261-2214,China,true,true
880,Jakob Eat,6 7th Pass,78400-000,Diamantino,20/12/1945,567-799-6913,Brazil,true,true
881,Cecil Martusov,2 Mcbride Terrace,15880,Hollola,21/08/1996,893-488-4497,Finland,true,true
882,Frazier Lathleiffure,32 Rutledge Court,,Palilula,26/10/1951,844-128-2309,Serbia,true,false
883,Jocko Piatto,0209 Novick Street,253 01,Hostivice,25/11/1972,631-275-2660,Czech Republic,false,true
884,Hall Bragg,1998 Iowa Hill,,Lianjiangkou,30/06/1956,966-479-6203,China,true,true
885,Ange Lawry,6135 Hallows Trail,2930,Glencoe,29/11/1958,772-635-0909,South Africa,true,true
886,Evvy Tolhurst,186 Tony Alley,,Manama,29/11/1961,684-940-9660,Bahrain,true,true
887,Florinda McGinn,41968 Havey Park,3709,Zeist,08/05/1991,176-717-7418,Netherlands,false,true
888,Tori Serraillier,339 Bunker Hill Parkway,,Jazovo,29/03/1945,346-380-9480,Serbia,true,false
889,Maritsa O'Carroll,165 Aberg Court,,Zhabagly,26/05/1987,864-935-6976,Kazakhstan,true,true
890,Etienne Spellacey,44 Elgar Lane,655131,Abakan,06/07/1959,134-499-7677,Russia,false,false
891,Rosabel Dacres,28 Vidon Way,,Umbultanjung,02/11/1994,210-757-9696,Indonesia,true,true
892,Jolynn Smitham,36 Tomscot Circle,588 62,Telč,29/03/1968,381-919-3342,Czech Republic,false,false
893,Michelle Penhall,42817 Farragut Pass,,Qingxi,20/02/1988,952-470-2475,China,false,false
894,Giselle Humphris,0 School Pass,,Palmira,02/10/1941,975-553-7190,Panama,true,true
895,Dimitri Cawdery,158 Darwin Pass,232538,Ciénaga de Oro,20/11/1975,487-996-6278,Colombia,true,false
896,Patricio Sudy,84 Doe Crossing Place,,Xiaozhai,29/06/1959,656-766-6704,China,false,false
897,Andrey Orgill,96 Portage Street,V31,Portumna,20/08/1968,902-789-4550,Ireland,true,false
898,Mose Caldero,5353 6th Parkway,612-8447,Kamigyō-ku,20/04/1985,599-191-5722,Japan,false,false
899,Lexine Lomax,2 Crowley Trail,,Mempawah,20/02/1958,903-338-0997,Indonesia,false,false
900,Antonie Naptin,38 Portage Pass,,Qinghaihu,18/02/1976,737-234-4248,China,true,false
901,Lawton Levey,424 Hudson Hill,,Abomey,09/12/2003,103-309-9373,Benin,true,true
902,Serena Trenchard,159 Straubel Lane,6550,Cabucgayan,19/11/1961,743-662-8093,Philippines,true,true
903,Fern Jamrowicz,366 Hansons Avenue,382 08,Chvalšiny,17/06/1989,512-287-1933,Czech Republic,false,false
904,Elvira Emanuele,19953 Ramsey Alley,2741,Salto,20/02/1984,175-155-4981,Argentina,false,true
905,Garwin Rieme,4 Toban Hill,352555,Perepravnaya,16/06/1958,113-883-9543,Russia,false,false
906,Iago McCool,66 Monica Plaza,,Kalidawir,05/06/1948,822-960-3384,Indonesia,true,true
907,Raimondo Schuh,0 Moland Circle,10502,Puerto Plata,19/08/1950,815-736-2559,Dominican Republic,true,false
908,Obed Bootman,41396 Rigney Circle,43000,Galovac,31/12/1955,908-695-6017,Croatia,false,false
909,Avie Dyson,8 Continental Road,57910-000,Matriz de Camaragibe,09/11/1947,188-739-3337,Brazil,false,true
910,Aube Cutcliffe,36 Farwell Lane,,Yangtan,24/08/2000,805-820-5975,China,false,false
911,Torrance Vant,9506 Fair Oaks Court,92214 CEDEX,Saint-Cloud,13/10/1948,296-804-5953,France,false,false
912,Lilyan Ketteringham,92 Westend Alley,,Mutang,08/03/1974,411-983-7148,China,false,true
913,Eilis Kellick,52927 Red Cloud Terrace,,Owode,15/01/1994,650-829-0501,Nigeria,true,true
914,Hayes Bassam,43531 Jenna Trail,,Mabamba,20/11/1956,317-816-8500,Tanzania,true,false
915,Editha Farlane,2186 Portage Place,,Al Khamīs,04/12/1941,846-644-0616,Yemen,true,true
916,Rouvin MacCracken,07 Hovde Center,95600-000,Taquara,18/01/1986,286-420-7146,Brazil,true,false
917,Marieann Stidston,41 Red Cloud Point,764008,Jamundí,11/10/1955,286-436-7178,Colombia,true,true
918,Douglass Ordish,5 Moose Pass,BS37,Horton,23/11/1991,345-118-8965,United Kingdom,true,true
919,Arman Barrick,20065 Spohn Alley,,Igboho,02/08/1952,875-268-2374,Nigeria,true,false
920,Frank Ludman,02 Sugar Trail,32-437,Skomielna Czarna,17/04/1999,280-278-8526,Poland,false,true
921,Glenna Da Costa,89385 Garrison Plaza,,Knežica,30/03/1942,886-450-3135,Bosnia and Herzegovina,true,false
922,Craggie Ianinotti,4304 Schiller Road,4600,Kranj,03/11/1974,563-393-5799,Slovenia,false,false
923,Salomon D'Alessio,59721 Vermont Road,550 01,Broumov,10/10/1979,283-854-7637,Czech Republic,false,false
924,Forster Rodrig,4 Forest Run Terrace,,Meishan,04/07/1953,880-744-5810,China,true,false
925,Rafe Zanetello,9 Butternut Point,,Yuscarán,14/04/1962,591-585-5356,Honduras,true,true
926,Thadeus Cardus,1 Roth Circle,,Jiangtun,13/07/1992,384-503-1051,China,true,false
927,Glynis Lawtie,60507 Northfield Point,,Náousa,31/05/1944,807-323-9418,Greece,true,false
928,Corbett Plinck,62 Acker Terrace,,Paccha,24/06/1979,932-973-1070,Peru,true,true
929,Minny Habben,26 Stuart Plaza,624282,Rossosh’,02/12/1963,789-851-2450,Russia,true,false
930,Eyde Cowie,47909 Heffernan Center,216790,Rudnya,14/02/1955,372-330-9589,Russia,true,false
931,Bernhard Goolding,593 Crescent Oaks Point,,Yun’an,09/01/1956,138-861-5033,China,false,false
932,Jo Elston,1171 Orin Hill,,Egindiköl,06/07/1948,720-547-2890,Kazakhstan,false,true
933,Eugine Hagergham,8782 Manufacturers Park,L-8165,Bridel,12/06/1941,726-150-2895,Luxembourg,true,true
934,Augustine Nancarrow,585 Surrey Terrace,,Lékoni,03/04/1952,822-495-5720,Gabon,true,false
935,Karlene Breckell,0952 Rieder Circle,249884,Maloyaroslavets,31/08/1945,930-337-2248,Russia,false,false
936,Emily Creeber,157 Burrows Lane,142817,Novyye Cherëmushki,12/12/1970,808-195-2592,Russia,true,true
937,Keith Rumming,9 Caliangt Point,,Sanxi,29/09/1960,856-621-7429,China,false,false
938,Lay Reeves,8 Claremont Plaza,,Bedalewun,18/03/1960,887-751-4997,Indonesia,false,false
939,Jody Wennam,03 Gale Pass,1225,Pršovce,28/10/1984,975-683-7261,Macedonia,true,true
940,Hedvig Aslett,8 Mesta Street,,Zhantang,18/09/1983,915-114-3411,China,false,true
941,Dalt Teffrey,0 Golf View Lane,,Boljevac,25/12/1960,616-789-0925,Serbia,false,true
942,Persis Woodage,6089 Marcy Street,607-8204,Aomori Shi,22/02/1984,979-599-8674,Japan,true,false
943,Giorgio Brent,6125 Debra Court,,Harembo,18/08/1941,166-505-1091,Comoros,false,false
944,Ottilie Persicke,110 Grayhawk Trail,,Aḑ Ḑil‘,07/10/1988,366-206-6267,Yemen,false,true
945,Truda Lougheid,5 Trailsway Court,9103,Rawson,09/12/1973,976-464-3355,Argentina,true,true
946,Bobbie Verheijden,08630 Blackbird Road,8005,Bansalan,16/12/1941,358-693-3323,Philippines,true,true
947,Thacher Widdowfield,570 Waubesa Street,,Mengyin,23/02/1952,164-524-2435,China,true,true
948,Vilhelmina Dowtry,4 Superior Junction,,Velyki Kopany,26/05/1994,424-866-2414,Ukraine,false,true
949,Quintin Lamberteschi,21 Luster Crossing,,Wangshi,03/05/1963,361-423-2249,China,false,false
950,Mikey Canada,6 Michigan Parkway,,Zhouji,28/09/1988,367-993-9079,China,false,false
951,Gearalt Andrys,20 Hagan Place,,Hongshan,07/04/1953,124-351-2785,China,true,false
952,Noelani Haycock,61 Sheridan Drive,09-500,Gostynin,10/01/1985,956-598-7926,Poland,false,false
953,Charlena Skirving,44 Chinook Place,,Kufayrit,05/07/1965,790-829-7648,Palestinian Territory,true,false
954,Arleta Philbrook,159 Harbort Trail,,Rēzekne,10/04/1977,972-756-0167,Latvia,false,true
955,Raina Verralls,685 Oakridge Place,,Renliu,15/10/1973,341-741-1257,China,true,true
956,Sergio Baraja,09 American Ash Hill,,Budakovo,03/08/1985,897-292-5425,Kosovo,true,true
957,Orville Brosh,49916 Nobel Junction,,Fuhai,12/06/1964,403-788-0215,China,false,false
958,Wildon Sibery,713 Elgar Court,42700-000,Lauro de Freitas,03/05/1962,272-206-6918,Brazil,false,true
959,Janina Fearey,03096 Lawn Pass,73800-000,Formosa,31/01/1976,332-511-1718,Brazil,true,true
960,Paulie Josefsen,2211 Union Avenue,7306,Tuburan,07/04/1999,528-616-8714,Philippines,false,false
961,Daryl Franek,6203 4th Junction,,Mliwang,11/12/1980,394-590-7726,Indonesia,false,true
962,Levi Heaysman,1124 Barnett Crossing,09500-000,São Caetano do Sul,31/03/1974,249-389-8788,Brazil,false,false
963,Kayne Harlow,1 Continental Trail,12103,Berlin,06/12/1990,811-207-2516,Germany,false,false
964,Shepherd Blackmore,46 Northfield Place,76110,Fort Worth,27/06/1985,817-504-5017,United States,false,false
965,Jaimie Fernier,74 Forest Dale Trail,958-0052,Youkaichi,02/02/1992,213-696-0486,Japan,false,true
966,Murdock MacPhail,2 Duke Point,169 65,Solna,07/08/1963,930-174-2951,Sweden,true,false
967,Shep Brearty,2080 Bultman Crossing,,Bizhou,26/05/1957,888-600-9326,China,true,false
968,Malina Faulconbridge,4787 Bluestem Crossing,756 49,Uppsala,10/01/1966,872-122-8553,Sweden,true,false
969,Jonah Pierrepoint,76504 Rieder Circle,,Al Tuḩaytā’,18/12/1968,188-381-5297,Yemen,false,true
970,Carrissa Bigglestone,01 Dexter Trail,38-507,Nowosielce-Gniewosz,22/08/1979,929-874-2015,Poland,true,true
971,Amy Camerana,687 Aberg Center,8383,Melbourne,31/10/1995,571-815-8260,Australia,false,false
972,Magdalen Clavering,7339 Jay Parkway,,Piggotts,11/12/1958,112-761-5471,Antigua and Barbuda,false,true
973,Carin Kelle,803 Mitchell Avenue,,Ashtarak,09/05/1954,265-362-6981,Armenia,true,true
974,Silvan Lordon,340 Nevada Place,,Carhuac,22/10/1959,868-403-8188,Peru,false,true
975,Dewie Baughn,367 Katie Place,,Kitob,31/05/1991,175-920-7178,Uzbekistan,true,false
976,Bay Iredell,931 Green Ridge Circle,,Xirikxiy,24/08/1994,110-121-5487,China,true,true
977,Garnet Critzen,0938 Clove Park,679 21,Bořitov,15/07/1943,672-139-4124,Czech Republic,true,false
978,Archie Ricciardello,05 Oneill Plaza,L-9391,Reisdorf,03/12/1957,272-644-5704,Luxembourg,true,false
979,Annie Speirs,701 Rockefeller Hill,347639,Sal’sk,12/11/2000,390-476-5972,Russia,false,false
980,Wylma Dickin,735 Pepper Wood Plaza,894 31,Själevad,21/05/1969,139-314-4031,Sweden,false,false
981,Xenia Cockling,39805 Londonderry Center,4635-133,Ladário,26/09/1964,267-677-9622,Portugal,true,false
982,Maxie Dunkley,7702 Annamark Alley,,Putou,28/04/1945,536-521-3627,China,true,true
983,Etty Ruggen,8 Arkansas Point,,Mashi,27/12/1966,352-141-0311,Nigeria,true,false
984,Mildred Loder,8 Meadow Valley Pass,200018,Valledupar,06/07/1943,862-261-2102,Colombia,false,true
985,Kaleena Noddle,3772 Paget Street,75853 CEDEX 17,Paris 17,16/03/1954,740-457-0129,France,false,false
986,Damita Hammond,71 Larry Parkway,86730-000,Astorga,18/03/1993,841-106-6849,Brazil,false,true
987,Regen Hallan,12 Memorial Parkway,,Beiwenquan,16/02/1941,824-561-9214,China,true,false
988,Marillin Fergie,2235 Derek Lane,442680,Nikol’sk,01/11/1984,499-292-5353,Russia,false,true
989,Mirilla Heatlie,35865 Graedel Junction,33080 CEDEX,Bordeaux,06/12/1958,124-917-2663,France,false,true
990,Eunice Lindstedt,52337 Farwell Point,,Gbarnga,24/08/1942,243-706-1042,Liberia,true,false
991,Gaspar Ferreras,3022 Moose Drive,6530,Limon,16/09/1995,304-103-1477,Philippines,false,false
992,Sansone Anmore,77943 Heath Road,81720,Lieksa,01/05/1977,837-262-9755,Finland,true,true
993,Gibby Jacombs,405 Dexter Terrace,4600-757,Casal,16/07/1992,645-348-9851,Portugal,false,false
994,Gwenore Haseldine,17388 Banding Park,70820,Baton Rouge,13/08/1959,225-634-0193,United States,false,false
995,Jenilee Blackaller,35 Manley Road,,T’ongch’ŏn-ŭp,02/07/1985,720-491-1678,North Korea,false,true
996,Jere Matys,34 Park Meadow Crossing,195047,Florencia,01/06/1960,967-680-6203,Colombia,true,false
997,Bax Levick,17468 Kropf Court,,Gaotang,21/12/1961,399-742-6576,China,true,false
998,Hermine Bowerbank,4100 Brown Avenue,32-060,Rzozów,12/06/1989,240-137-7616,Poland,false,true
999,Beaufort Caulier,72724 Rigney Hill,11320,Kandana,13/02/1999,961-971-2453,Sri Lanka,false,true
1000,Thadeus Bowdrey,82086 Rockefeller Court,781 81,Borlänge,26/11/1958,785-544-3130,Sweden,false,false